Workbook

Sheet ÖZET
AA1: W.CASHEW NUT W320 KAV.(SEMBOL)
C2: Yüklenmedi | D2: Yolda | E2: Limanda | F2: Antrepoda | AA2: W.CASHEW NUT W240 KAV.(STAR)
B3: LIEN VIET | C3: =COUNTIFS('SATIN ALMA'!$F:$F, $B3, 'SATIN ALMA'!$AB:$AB, C$2) -> 0 | D3: =COUNTIFS('SATIN ALMA'!$F:$F, $B3, 'SATIN ALMA'!$AB:$AB, D$2) -> 9 | E3: =COUNTIFS('SATIN ALMA'!$F:$F, $B3, 'SATIN ALMA'!$AB:$AB, E$2) -> 6 | F3: =COUNTIFS('SATIN ALMA'!$F:$F, $B3, 'SATIN ALMA'!$AB:$AB, F$2) -> 4 | AA3: W.CASHEW NUT W320 KAVR (BUNGEE)
B4: MANH TUAN | C4: =COUNTIFS('SATIN ALMA'!$F:$F, $B4, 'SATIN ALMA'!$AB:$AB, C$2) -> 0 | D4: =COUNTIFS('SATIN ALMA'!$F:$F, $B4, 'SATIN ALMA'!$AB:$AB, D$2) -> 0 | E4: =COUNTIFS('SATIN ALMA'!$F:$F, $B4, 'SATIN ALMA'!$AB:$AB, E$2) -> 2 | F4: =COUNTIFS('SATIN ALMA'!$F:$F, $B4, 'SATIN ALMA'!$AB:$AB, F$2) -> 2
B5: NGAN NGOC | C5: =COUNTIFS('SATIN ALMA'!$F:$F, $B5, 'SATIN ALMA'!$AB:$AB, C$2) -> 0 | D5: =COUNTIFS('SATIN ALMA'!$F:$F, $B5, 'SATIN ALMA'!$AB:$AB, D$2) -> 1 | E5: =COUNTIFS('SATIN ALMA'!$F:$F, $B5, 'SATIN ALMA'!$AB:$AB, E$2) -> 0 | F5: =COUNTIFS('SATIN ALMA'!$F:$F, $B5, 'SATIN ALMA'!$AB:$AB, F$2) -> 2
B6: TRU LANH | C6: =COUNTIFS('SATIN ALMA'!$F:$F, $B6, 'SATIN ALMA'!$AB:$AB, C$2) -> 0 | D6: =COUNTIFS('SATIN ALMA'!$F:$F, $B6, 'SATIN ALMA'!$AB:$AB, D$2) -> 0 | E6: =COUNTIFS('SATIN ALMA'!$F:$F, $B6, 'SATIN ALMA'!$AB:$AB, E$2) -> 0 | F6: =COUNTIFS('SATIN ALMA'!$F:$F, $B6, 'SATIN ALMA'!$AB:$AB, F$2) -> 2
B7: VINH PHUONG | C7: =COUNTIFS('SATIN ALMA'!$F:$F, $B7, 'SATIN ALMA'!$AB:$AB, C$2) -> 0 | D7: =COUNTIFS('SATIN ALMA'!$F:$F, $B7, 'SATIN ALMA'!$AB:$AB, D$2) -> 1 | E7: =COUNTIFS('SATIN ALMA'!$F:$F, $B7, 'SATIN ALMA'!$AB:$AB, E$2) -> 0 | F7: =COUNTIFS('SATIN ALMA'!$F:$F, $B7, 'SATIN ALMA'!$AB:$AB, F$2) -> 0 | AA7: HW.CASHEW NUT W320____________( 22.68 KG )
B8: CAO PHAT | C8: =COUNTIFS('SATIN ALMA'!$F:$F, $B8, 'SATIN ALMA'!$AB:$AB, C$2) -> 0 | D8: =COUNTIFS('SATIN ALMA'!$F:$F, $B8, 'SATIN ALMA'!$AB:$AB, D$2) -> 1 | E8: =COUNTIFS('SATIN ALMA'!$F:$F, $B8, 'SATIN ALMA'!$AB:$AB, E$2) -> 0 | F8: =COUNTIFS('SATIN ALMA'!$F:$F, $B8, 'SATIN ALMA'!$AB:$AB, F$2) -> 0 | AA8: HW.CASHEW NUT W240____________( 22.68 KG )
B9: TOPLAM | C9: =SUM(C3:C8) -> 0 | D9: =SUM(D3:D8) -> 12 | E9: =SUM(E3:E8) -> 8 | F9: =SUM(F3:F8) -> 10 | AA9: HW.CASHEW NUT W180____________( 22.68 KG )
C11: Yüklenmedi | D11: Yolda | E11: Limanda | F11: Antrepoda | I11: Eski Fiyat | J11: Güncel Fiyat | M11: Beklenen | N11: Antrepo | O11: Depo
B12: WW320 | C12: =COUNTIFS('SATIN ALMA'!$G:$G, $B12, 'SATIN ALMA'!$AB:$AB, C$11) -> 0 | D12: =COUNTIFS('SATIN ALMA'!$G:$G, $B12, 'SATIN ALMA'!$AB:$AB, D$11) -> 6 | E12: =COUNTIFS('SATIN ALMA'!$G:$G, $B12, 'SATIN ALMA'!$AB:$AB, E$11) -> 8 | F12: =COUNTIFS('SATIN ALMA'!$G:$G, $B12, 'SATIN ALMA'!$AB:$AB, F$11) -> 9 | H12: WW320 | I12: 3.14 | J12: 3.24 | L12: WW320 | M12: 24948 | N12: 59622 | O12: 0
B13: WW240 | C13: =COUNTIFS('SATIN ALMA'!$G:$G, $B13, 'SATIN ALMA'!$AB:$AB, C$11) -> 0 | D13: =COUNTIFS('SATIN ALMA'!$G:$G, $B13, 'SATIN ALMA'!$AB:$AB, D$11) -> 4 | E13: =COUNTIFS('SATIN ALMA'!$G:$G, $B13, 'SATIN ALMA'!$AB:$AB, E$11) -> 0 | F13: =COUNTIFS('SATIN ALMA'!$G:$G, $B13, 'SATIN ALMA'!$AB:$AB, F$11) -> 0 | H13: WW240 | I13: 3.2 | J13: 3.1 | L13: WW240 | M13: 59486 | N13: 25111 | O13: 0
B14: WW180 | C14: =COUNTIFS('SATIN ALMA'!$G:$G, $B14, 'SATIN ALMA'!$AB:$AB, C$11) -> 0 | D14: =COUNTIFS('SATIN ALMA'!$G:$G, $B14, 'SATIN ALMA'!$AB:$AB, D$11) -> 2 | E14: =COUNTIFS('SATIN ALMA'!$G:$G, $B14, 'SATIN ALMA'!$AB:$AB, E$11) -> 0 | F14: =COUNTIFS('SATIN ALMA'!$G:$G, $B14, 'SATIN ALMA'!$AB:$AB, F$11) -> 1 | H14: WW180 | I14: 3.9 | J14: 4.5 | L14: WW180 | M14: 146500 | N14: 15984 | O14: 0
B15: TOPLAM | C15: =SUM(C12:C14) -> 0 | D15: =SUM(D12:D14) -> 12 | E15: =SUM(E12:E14) -> 8 | F15: =SUM(F12:F14) -> 10 | H15: + | L15: +
AB16: WW320 | AC16: WW240 | AD16: WW180
B17: Tarih Aralığı | C17: 11/09/24-23/09/25 | AA17: Sayım | AB17: =COUNTIF('SATIN ALMA'!$G:$G,AB16) -> 50 | AC17: =COUNTIF('SATIN ALMA'!$G:$G,AC16) -> 12 | AD17: =COUNTIF('SATIN ALMA'!$G:$G,AD16) -> 3
C18: WW320 | D18: WW240 | E18: WW180 | AA18: Fiyat Toplam | AB18: =SUMIF('SATIN ALMA'!$G:$G,AB16,'SATIN ALMA'!$J:$J) -> 161.49 | AC18: =SUMIF('SATIN ALMA'!$G:$G,AC16,'SATIN ALMA'!$J:$J) -> 41.02 | AD18: =SUMIF('SATIN ALMA'!$G:$G,AD16,'SATIN ALMA'!$J:$J) -> 11.1
B19: Ortalama Fiyat | C19: =AB19 -> 3.2298 | D19: =AC19 -> 3.4183333 | E19: =AD19 -> 3.7 | AA19: Ortalama | AB19: =AB18/AB17 -> 3.2298 | AC19: =AC18/AC17 -> 3.4183333 | AD19: =AD18/AD17 -> 3.7

Sheet SATIN ALMA
A1: Sipariş Tarihi | B1: REF | C1: Stok Kodu | D1: Stok Adı | E1: Seller | F1: Shipper | G1: Product | H1: Crop | I1: Packaging | J1: FOB Price | K1: Freight Per LB | L1: CNF PRICE | M1: Freight | N1: Quantity LB | O1: Quantity KG | P1: TYPE | Q1: FCL | R1: Konteyner No | S1: Antrepo Bey. No | T1: B/L No | U1: Booking No | V1: Ref. No. | W1: Contract | X1: Tır No. | Y1: ETD | Z1: ETA | AA1: Transit | AB1: Manuel Seçilecek
A2: 45546 | B2: 581344 | C2: H5130003 | D2: =IF(C2="H5130003","HW.CASHEW NUT W320____________( 22.68 KG )",IF(C2="H5130001","HW.CASHEW NUT W240____________( 22.68 KG )",IF(C2="H5130164","HW.CASHEW NUT W180____________( 22.68 KG )",""))) -> HW.CASHEW NUT W320____________( 22.68 KG ) | E2: HD CASHEW | F2: NGOC DIEP | G2: WW320 | H2: 2024 | I2: FLEXIPACKS | J2: 3.22 | K2: =M2/N2 -> 0.081818182 | L2: =K2+J2 -> 3.3018182 | M2: 4500 | N2: 55000 | O2: =N2*0.4536 -> 24948 | P2: 40 | Q2: 1 | R2: MSDU4120180 | T2: MEDUH8009944 | V2: 25031-IT25154013 | W2: HD46411 | X2: =IFERROR(INDEX('GİRİŞ ANALİZİ'!$D:$D, MATCH($W2,'GİRİŞ ANALİZİ'!$B:$B, 0)),"Bulunamadı") -> 2 | Y2: 45564 | Z2: 45610 | AA2: =Z2-Y2 -> 46 | AB2: İçeri Çekildi | AD2: Yüklenmedi
A3: 45546 | B3: 581345 | C3: H5130003 | D3: =IF(C3="H5130003","HW.CASHEW NUT W320____________( 22.68 KG )",IF(C3="H5130001","HW.CASHEW NUT W240____________( 22.68 KG )",IF(C3="H5130164","HW.CASHEW NUT W180____________( 22.68 KG )",""))) -> HW.CASHEW NUT W320____________( 22.68 KG ) | E3: HD CASHEW | F3: MANH TUAN | G3: WW320 | H3: 2024 | I3: FLEXIPACKS | J3: 3.25 | K3: =M3/N3 -> 0.081818182 | L3: =K3+J3 -> 3.3318182 | M3: 4500 | N3: 55000 | O3: =N3*0.4536 -> 24948 | P3: 40 | Q3: 1 | R3: MSDU4566450 | T3: MEDUOE948114 | V3: 25032-IT25154014 | W3: HD46511 | X3: =IFERROR(INDEX('GİRİŞ ANALİZİ'!$D:$D, MATCH($W3,'GİRİŞ ANALİZİ'!$B:$B, 0)),"Bulunamadı") -> 1 | Y3: 45558 | Z3: 45610 | AA3: =Z3-Y3 -> 52 | AB3: İçeri Çekildi | AD3: Yolda
A4: 45546 | B4: 581342 | C4: H5130003 | D4: =IF(C4="H5130003","HW.CASHEW NUT W320____________( 22.68 KG )",IF(C4="H5130001","HW.CASHEW NUT W240____________( 22.68 KG )",IF(C4="H5130164","HW.CASHEW NUT W180____________( 22.68 KG )",""))) -> HW.CASHEW NUT W320____________( 22.68 KG ) | E4: HD CASHEW | F4: NGAN NGOC | G4: WW320 | H4: 2024 | I4: FLEXIPACKS | J4: 3.22 | K4: =M4/N4 -> 0.081818182 | L4: =K4+J4 -> 3.3018182 | M4: 4500 | N4: 55000 | O4: =N4*0.4536 -> 24948 | P4: 40 | Q4: 1 | R4: MSDU4309929 | T4: MEDUOE979309 | V4: 25030-IT25154012 | W4: HD46311 | X4: =IFERROR(INDEX('GİRİŞ ANALİZİ'!$D:$D, MATCH($W4,'GİRİŞ ANALİZİ'!$B:$B, 0)),"Bulunamadı") -> Bulunamadı | Y4: 45569 | Z4: 45616 | AA4: =Z4-Y4 -> 47 | AB4: İçeri Çekildi | AD4: Antrepoda
A5: 45577 | B5: 588102 | C5: H5130003 | D5: =IF(C5="H5130003","HW.CASHEW NUT W320____________( 22.68 KG )",IF(C5="H5130001","HW.CASHEW NUT W240____________( 22.68 KG )",IF(C5="H5130164","HW.CASHEW NUT W180____________( 22.68 KG )",""))) -> HW.CASHEW NUT W320____________( 22.68 KG ) | E5: HD CASHEW | F5: NGAN NGOC | G5: WW320 | H5: 2024 | I5: FLEXIPACKS | J5: 3.27 | K5: =M5/N5 -> 0.065454545 | L5: =K5+J5 -> 3.3354545 | M5: 3600 | N5: 55000 | O5: =N5*0.4536 -> 24948 | P5: 40 | Q5: 1 | R5: MSDU4165400 | T5: MEDUH8104836 | V5: 25070-IT25154033 | W5: HD49711 | X5: =IFERROR(INDEX('GİRİŞ ANALİZİ'!$D:$D, MATCH($W5,'GİRİŞ ANALİZİ'!$B:$B, 0)),"Bulunamadı") -> 4 | Y5: 45578 | Z5: 45628 | AA5: =Z5-Y5 -> 50 | AB5: İçeri Çekildi | AD5: İçeri Çekildi
A6: 45562 | B6: 585022 | C6: H5130003 | D6: =IF(C6="H5130003","HW.CASHEW NUT W320____________( 22.68 KG )",IF(C6="H5130001","HW.CASHEW NUT W240____________( 22.68 KG )",IF(C6="H5130164","HW.CASHEW NUT W180____________( 22.68 KG )",""))) -> HW.CASHEW NUT W320____________( 22.68 KG ) | E6: HD CASHEW | F6: MANH TUAN | G6: WW320 | H6: 2024 | I6: FLEXIPACKS | J6: 3.25 | K6: =M6/N6 -> 0.065454545 | L6: =K6+J6 -> 3.3154545 | M6: 3600 | N6: 55000 | O6: =N6*0.4536 -> 24948 | P6: 40 | Q6: 1 | R6: MSCU4794435 | T6: MEDUH8121087 | V6: 25064-IT25154031 | W6: HD48511 | X6: =IFERROR(INDEX('GİRİŞ ANALİZİ'!$D:$D, MATCH($W6,'GİRİŞ ANALİZİ'!$B:$B, 0)),"Bulunamadı") -> 5 | Y6: 45585 | Z6: 45636 | AA6: =Z6-Y6 -> 51 | AB6: İçeri Çekildi | AD6: Limanda
A7: 45577 | B7: 588103 | C7: H5130003 | D7: =IF(C7="H5130003","HW.CASHEW NUT W320____________( 22.68 KG )",IF(C7="H5130001","HW.CASHEW NUT W240____________( 22.68 KG )",IF(C7="H5130164","HW.CASHEW NUT W180____________( 22.68 KG )",""))) -> HW.CASHEW NUT W320____________( 22.68 KG ) | E7: HD CASHEW | F7: NGAN NGOC | G7: WW320 | H7: 2024 | I7: FLEXIPACKS | J7: 3.32 | K7: =M7/N7 -> 0.065454545 | L7: =K7+J7 -> 3.3854545 | M7: 3600 | N7: 55000 | O7: =N7*0.4536 -> 24948 | P7: 40 | Q7: 1 | R7: MSDU4622173 | T7: MEDUH8157990 | V7: 25074-IT25154034 | W7: HD50811-01 | X7: =IFERROR(INDEX('GİRİŞ ANALİZİ'!$D:$D, MATCH($W7,'GİRİŞ ANALİZİ'!$B:$B, 0)),"Bulunamadı") -> 6 | Y7: 45588 | Z7: 45636 | AA7: =Z7-Y7 -> 48 | AB7: İçeri Çekildi | AD7: GÜNCELLEME TARİHİ:
A8: 45562 | B8: 585005 | C8: H5130001 | D8: =IF(C8="H5130003","HW.CASHEW NUT W320____________( 22.68 KG )",IF(C8="H5130001","HW.CASHEW NUT W240____________( 22.68 KG )",IF(C8="H5130164","HW.CASHEW NUT W180____________( 22.68 KG )",""))) -> HW.CASHEW NUT W240____________( 22.68 KG ) | E8: HD CASHEW | F8: MANH TUAN | G8: WW240 | H8: 2024 | I8: FLEXIPACKS | J8: 3.6 | K8: =M8/N8 -> 0.065454545 | L8: =K8+J8 -> 3.6654545 | M8: 3600 | N8: 55000 | O8: =N8*0.4536 -> 24948 | P8: 40 | Q8: 1 | R8: MSDU4618419 | T8: MEDUH8156158 | V8: 25051-IT25154023 | W8: HD47411 | X8: 8 | Y8: 45588 | Z8: 45656 | AA8: =Z8-Y8 -> 68 | AB8: İçeri Çekildi
A9: 45638 | B9: 588103 | C9: H5130003 | D9: =IF(C9="H5130003","HW.CASHEW NUT W320____________( 22.68 KG )",IF(C9="H5130001","HW.CASHEW NUT W240____________( 22.68 KG )",IF(C9="H5130164","HW.CASHEW NUT W180____________( 22.68 KG )",""))) -> HW.CASHEW NUT W320____________( 22.68 KG ) | E9: HD CASHEW | F9: NGAN NGOC | G9: WW320 | H9: 2024 | I9: FLEXIPACKS | J9: 3.32 | K9: =M9/N9 -> 0.065454545 | L9: =K9+J9 -> 3.3854545 | M9: 3600 | N9: 55000 | O9: =N9*0.4536 -> 24948 | P9: 40 | Q9: 1 | R9: MSDU4170601 | T9: MEDUH8220780 | V9: 25074-IT25154034 | W9: HD50811-02 | X9: =IFERROR(INDEX('GİRİŞ ANALİZİ'!$D:$D, MATCH($W9,'GİRİŞ ANALİZİ'!$B:$B, 0)),"Bulunamadı") -> 7 | Y9: 45600 | Z9: 45656 | AA9: =Z9-Y9 -> 56 | AB9: İçeri Çekildi
A10: 45638 | B10: 588103 | C10: H5130003 | D10: =IF(C10="H5130003","HW.CASHEW NUT W320____________( 22.68 KG )",IF(C10="H5130001","HW.CASHEW NUT W240____________( 22.68 KG )",IF(C10="H5130164","HW.CASHEW NUT W180____________( 22.68 KG )",""))) -> HW.CASHEW NUT W320____________( 22.68 KG ) | E10: HD CASHEW | F10: NGAN NGOC | G10: WW320 | H10: 2024 | I10: FLEXIPACKS | J10: 3.32 | K10: =M10/N10 -> 0.084 | L10: =K10+J10 -> 3.404 | M10: 4620 | N10: 55000 | O10: =N10*0.4536 -> 24948 | P10: 40 | Q10: 1 | R10: MEDU4183366 | T10: MEDUH8248658 | V10: 25074-IT25154034 | W10: HD50811-03 | X10: =IFERROR(INDEX('GİRİŞ ANALİZİ'!$D:$D, MATCH($W10,'GİRİŞ ANALİZİ'!$B:$B, 0)),"Bulunamadı") -> 10 | Y10: 45602 | Z10: 45656 | AA10: =Z10-Y10 -> 54 | AB10: İçeri Çekildi | AD10: 45993
A11: 45626 | B11: 596417 | C11: H5130003 | D11: =IF(C11="H5130003","HW.CASHEW NUT W320____________( 22.68 KG )",IF(C11="H5130001","HW.CASHEW NUT W240____________( 22.68 KG )",IF(C11="H5130164","HW.CASHEW NUT W180____________( 22.68 KG )",""))) -> HW.CASHEW NUT W320____________( 22.68 KG ) | E11: HD CASHEW | F11: MANH TUAN | G11: WW320 | H11: 2024 | I11: FLEXIPACKS | J11: 3.5 | K11: =M11/N11 -> 0.10636364 | L11: =K11+J11 -> 3.6063636 | M11: 5850 | N11: 55000 | O11: =N11*0.4536 -> 24948 | P11: 40 | Q11: 1 | R11: MSDU4495422 | T11: MEDUH8403261 | U11: EBKG10883487 | V11: 25132-IT25154096 | W11: HD55711-01 | X11: =IFERROR(INDEX('GİRİŞ ANALİZİ'!$D:$D, MATCH($W11,'GİRİŞ ANALİZİ'!$B:$B, 0)),"Bulunamadı") -> 11 | Y11: 45627 | Z11: 45677 | AA11: =Z11-Y11 -> 50 | AB11: İçeri Çekildi
A12: 45626 | B12: 596417 | C12: H5130003 | D12: =IF(C12="H5130003","HW.CASHEW NUT W320____________( 22.68 KG )",IF(C12="H5130001","HW.CASHEW NUT W240____________( 22.68 KG )",IF(C12="H5130164","HW.CASHEW NUT W180____________( 22.68 KG )",""))) -> HW.CASHEW NUT W320____________( 22.68 KG ) | E12: HD CASHEW | F12: MANH TUAN | G12: WW320 | H12: 2024 | I12: FLEXIPACKS | J12: 3.5 | K12: =M12/N12 -> 0.12454545 | L12: =K12+J12 -> 3.6245455 | M12: 6850 | N12: 55000 | O12: =N12*0.4536 -> 24948 | P12: 40 | Q12: 1 | R12: MSDU4727580 | T12: MEDUH8462408 | U12: EBKG10995144 | V12: 25132-IT25154096 | W12: HD55711-02 | X12: =IFERROR(INDEX('GİRİŞ ANALİZİ'!$D:$D, MATCH($W12,'GİRİŞ ANALİZİ'!$B:$B, 0)),"Bulunamadı") -> 12 | Y12: 45643 | Z12: 45692 | AA12: =Z12-Y12 -> 49 | AB12: İçeri Çekildi
A13: 45626 | B13: 596418 | C13: H5130001 | D13: =IF(C13="H5130003","HW.CASHEW NUT W320____________( 22.68 KG )",IF(C13="H5130001","HW.CASHEW NUT W240____________( 22.68 KG )",IF(C13="H5130164","HW.CASHEW NUT W180____________( 22.68 KG )",""))) -> HW.CASHEW NUT W240____________( 22.68 KG ) | E13: HD CASHEW | F13: MANH TUAN | G13: WW240 | H13: 2024 | I13: FLEXIPACKS | J13: 3.7 | K13: =M13/N13 -> 0.12454545 | L13: =K13+J13 -> 3.8245455 | M13: 6850 | N13: 55000 | O13: =N13*0.4536 -> 24948 | P13: 40 | Q13: 1 | R13: MSDU4390756 | T13: MEDUH8462416 | V13: 25147-IT25154097 | W13: HD56811 | X13: 13 | Y13: 45644 | Z13: 45692 | AA13: =Z13-Y13 -> 48 | AB13: İçeri Çekildi
A14: 45677 | B14: 604842 | C14: H5130001 | D14: =IF(C14="H5130003","HW.CASHEW NUT W320____________( 22.68 KG )",IF(C14="H5130001","HW.CASHEW NUT W240____________( 22.68 KG )",IF(C14="H5130164","HW.CASHEW NUT W180____________( 22.68 KG )",""))) -> HW.CASHEW NUT W240____________( 22.68 KG ) | E14: HD CASHEW | F14: NGAN NGOC | G14: WW240 | H14: 2024 | I14: FLEXIPACKS | J14: 3.68 | K14: =M14/N14 -> 0.12454545 | L14: =K14+J14 -> 3.8045455 | M14: 6850 | N14: 55000 | O14: =N14*0.4536 -> 24948 | P14: 40 | Q14: 1 | R14: MSDU4403560 | T14: MEDUHP005737 | V14: 25155-IT25154137 | W14: HD57711 | X14: 14 | Y14: 45644 | Z14: 45692 | AA14: =Z14-Y14 -> 48 | AB14: İçeri Çekildi
A15: 45677 | B15: 604850 | C15: H5130001 | D15: =IF(C15="H5130003","HW.CASHEW NUT W320____________( 22.68 KG )",IF(C15="H5130001","HW.CASHEW NUT W240____________( 22.68 KG )",IF(C15="H5130164","HW.CASHEW NUT W180____________( 22.68 KG )",""))) -> HW.CASHEW NUT W240____________( 22.68 KG ) | E15: HD CASHEW | F15: MANH TUAN | G15: WW240 | H15: 2024 | I15: FLEXIPACKS | J15: 3.62 | K15: =M15/N15 -> 0.11636364 | L15: =K15+J15 -> 3.7363636 | M15: 6400 | N15: 55000 | O15: =N15*0.4536 -> 24948 | P15: 40 | Q15: 1 | R15: MSDU4811541 | T15: MEDUHP199142 | V15: 25172-IT25154132 | W15: HD59111 | X15: 15 | Y15: 45679 | Z15: 45729 | AA15: =Z15-Y15 -> 50 | AB15: İçeri Çekildi
A16: 45677 | B16: 604854 | C16: H5130001 | D16: =IF(C16="H5130003","HW.CASHEW NUT W320____________( 22.68 KG )",IF(C16="H5130001","HW.CASHEW NUT W240____________( 22.68 KG )",IF(C16="H5130164","HW.CASHEW NUT W180____________( 22.68 KG )",""))) -> HW.CASHEW NUT W240____________( 22.68 KG ) | E16: HD CASHEW | F16: TRU LANH | G16: WW240 | H16: 2024 | I16: FLEXIPACKS | J16: 3.6 | K16: =M16/N16 -> 0.11636364 | L16: =K16+J16 -> 3.7163636 | M16: 6400 | N16: 55000 | O16: =N16*0.4536 -> 24948 | P16: 40 | Q16: 1 | R16: TTNU5156838 | T16: MEDUHP196163 | V16: 25173-IT25154131 | W16: HD59211 | X16: 16 | Y16: 45679 | Z16: 45729 | AA16: =Z16-Y16 -> 50 | AB16: İçeri Çekildi
A17: 45719 | B17: 611081 | C17: H5130003 | D17: =IF(C17="H5130003","HW.CASHEW NUT W320____________( 22.68 KG )",IF(C17="H5130001","HW.CASHEW NUT W240____________( 22.68 KG )",IF(C17="H5130164","HW.CASHEW NUT W180____________( 22.68 KG )",""))) -> HW.CASHEW NUT W320____________( 22.68 KG ) | E17: HD CASHEW | F17: NGAN NGOC | G17: WW320 | H17: 2024 | I17: FLEXIPACKS | J17: 3.22 | K17: =M17/N17 -> 0.078363636 | L17: =K17+J17 -> 3.2983636 | M17: 4310 | N17: 55000 | O17: =N17*0.4536 -> 24948 | P17: 40 | Q17: 1 | R17: MSDU4130928 | T17: MEDUHP428095 | V17: 25206-IT25154154 | W17: HD05312-01 | X17: =IFERROR(INDEX('GİRİŞ ANALİZİ'!$D:$D, MATCH($W17,'GİRİŞ ANALİZİ'!$B:$B, 0)),"Bulunamadı") -> 17 | Y17: 45726 | Z17: 45771 | AA17: =Z17-Y17 -> 45 | AB17: İçeri Çekildi
A18: 45707 | B18: 609356 | C18: H5130003 | D18: =IF(C18="H5130003","HW.CASHEW NUT W320____________( 22.68 KG )",IF(C18="H5130001","HW.CASHEW NUT W240____________( 22.68 KG )",IF(C18="H5130164","HW.CASHEW NUT W180____________( 22.68 KG )",""))) -> HW.CASHEW NUT W320____________( 22.68 KG ) | E18: HD CASHEW | F18: NGOC DIEP | G18: WW320 | H18: 2024 | I18: FLEXIPACKS | J18: 3.21 | K18: =M18/N18 -> 0.071090909 | L18: =K18+J18 -> 3.2810909 | M18: 3910 | N18: 55000 | O18: =N18*0.4536 -> 24948 | P18: 40 | Q18: 1 | R18: MSDU4560106 | T18: MEDUHP449844 | V18: 25196-IT25154149 | W18: HD03012 | X18: =IFERROR(INDEX('GİRİŞ ANALİZİ'!$D:$D, MATCH($W18,'GİRİŞ ANALİZİ'!$B:$B, 0)),"Bulunamadı") -> 18 | Y18: 45740 | Z18: 45793 | AA18: =Z18-Y18 -> 53 | AB18: İçeri Çekildi
A19: 45769 | B19: 619479 | C19: H5130003 | D19: =IF(C19="H5130003","HW.CASHEW NUT W320____________( 22.68 KG )",IF(C19="H5130001","HW.CASHEW NUT W240____________( 22.68 KG )",IF(C19="H5130164","HW.CASHEW NUT W180____________( 22.68 KG )",""))) -> HW.CASHEW NUT W320____________( 22.68 KG ) | E19: HD CASHEW | F19: LIEN VIET | G19: WW320 | H19: 2025 | I19: FLEXIPACKS | J19: 3.3 | K19: =M19/N19 -> 0.054545455 | L19: =K19+J19 -> 3.3545455 | M19: 3000 | N19: 55000 | O19: =N19*0.4536 -> 24948 | P19: 40 | Q19: 1 | R19: MSBU4032987 | T19: MEDUHQ071050 | V19: 25242-IT25154178 | W19: HD20912-1 | X19: =IFERROR(INDEX('GİRİŞ ANALİZİ'!$D:$D, MATCH($W19,'GİRİŞ ANALİZİ'!$B:$B, 0)),"Bulunamadı") -> 19 | Y19: 45779 | Z19: 45834 | AA19: =Z19-Y19 -> 55 | AB19: İçeri Çekildi
A20: 45769 | B20: 619479 | C20: H5130001 | D20: =IF(C20="H5130003","HW.CASHEW NUT W320____________( 22.68 KG )",IF(C20="H5130001","HW.CASHEW NUT W240____________( 22.68 KG )",IF(C20="H5130164","HW.CASHEW NUT W180____________( 22.68 KG )",""))) -> HW.CASHEW NUT W240____________( 22.68 KG ) | E20: HD CASHEW | F20: LIEN VIET | G20: WW240 | H20: 2025 | I20: FLEXIPACKS | J20: 3.4 | K20: =M20/N20 -> 0.054545455 | L20: =K20+J20 -> 3.4545455 | M20: 3000 | N20: =Q20*55000 -> 55000 | O20: =N20*0.4536 -> 24948 | P20: 40 | Q20: 1 | R20: MSDU4296014 | S20: AN00025929 | T20: MEDUHQ070235 | V20: 25242-IT25154178 | W20: HD21012 | X20: =IFERROR(INDEX('GİRİŞ ANALİZİ'!$D:$D, MATCH($W20,'GİRİŞ ANALİZİ'!$B:$B, 0)),"Bulunamadı") -> 20 | Y20: 45782 | Z20: 45842 | AA20: =Z20-Y20 -> 60 | AB20: İçeri Çekildi
A21: 45769 | B21: 619479 | C21: H5130003 | D21: =IF(C21="H5130003","HW.CASHEW NUT W320____________( 22.68 KG )",IF(C21="H5130001","HW.CASHEW NUT W240____________( 22.68 KG )",IF(C21="H5130164","HW.CASHEW NUT W180____________( 22.68 KG )",""))) -> HW.CASHEW NUT W320____________( 22.68 KG ) | E21: HD CASHEW | F21: LIEN VIET | G21: WW320 | H21: 2025 | I21: FLEXIPACKS | J21: 3.3 | K21: =M21/N21 -> 0.062727273 | L21: =K21+J21 -> 3.3627273 | M21: 3450 | N21: 55000 | O21: =N21*0.4536 -> 24948 | P21: 40 | Q21: 1 | R21: MSDU4414349 | S21: AN00028332 | T21: MEDUHQ178665 | V21: 25242-IT25154178 | W21: HD20912-3 | X21: =IFERROR(INDEX('GİRİŞ ANALİZİ'!$D:$D, MATCH($W21,'GİRİŞ ANALİZİ'!$B:$B, 0)),"Bulunamadı") -> 22 | Y21: 45806 | Z21: 45862 | AA21: =Z21-Y21 -> 56 | AB21: İçeri Çekildi
A22: 45769 | B22: 619479 | C22: H5130003 | D22: =IF(C22="H5130003","HW.CASHEW NUT W320____________( 22.68 KG )",IF(C22="H5130001","HW.CASHEW NUT W240____________( 22.68 KG )",IF(C22="H5130164","HW.CASHEW NUT W180____________( 22.68 KG )",""))) -> HW.CASHEW NUT W320____________( 22.68 KG ) | E22: HD CASHEW | F22: LIEN VIET | G22: WW320 | H22: 2025 | I22: FLEXIPACKS | J22: 3.3 | K22: =M22/N22 -> 0.062727273 | L22: =K22+J22 -> 3.3627273 | M22: 3450 | N22: 55000 | O22: =N22*0.4536 -> 24948 | P22: 40 | Q22: 1 | R22: FSCU4854692 | S22: AN00028332 | T22: MEDUHQ178665 | V22: 25242-IT25154178 | W22: HD20912-2 | X22: =IFERROR(INDEX('GİRİŞ ANALİZİ'!$D:$D, MATCH($W22,'GİRİŞ ANALİZİ'!$B:$B, 0)),"Bulunamadı") -> 21 | Y22: 45806 | Z22: 45862 | AA22: =Z22-Y22 -> 56 | AB22: İçeri Çekildi
A23: 45803 | B23: 625591 | C23: H5130003 | D23: =IF(C23="H5130003","HW.CASHEW NUT W320____________( 22.68 KG )",IF(C23="H5130001","HW.CASHEW NUT W240____________( 22.68 KG )",IF(C23="H5130164","HW.CASHEW NUT W180____________( 22.68 KG )",""))) -> HW.CASHEW NUT W320____________( 22.68 KG ) | E23: HD CASHEW | F23: LIEN VIET | G23: WW320 | H23: 2025 | I23: FLEXIPACKS | J23: 3.27 | K23: =M23/N23 -> 0.062727273 | L23: =K23+J23 -> 3.3327273 | M23: 3450 | N23: =Q23*55000 -> 55000 | O23: =N23*0.4536 -> 24948 | P23: 40 | Q23: 1 | R23: SEGU6899150 | T23: 15098281 | U23: DSV0990402 | V23: 25261-IT25154191 | W23: HD29312-1 | X23: =IFERROR(INDEX('GİRİŞ ANALİZİ'!$D:$D, MATCH($W23,'GİRİŞ ANALİZİ'!$B:$B, 0)),"Bulunamadı") -> 23 | Y23: 45817 | Z23: 45865 | AA23: =Z23-Y23 -> 48 | AB23: İçeri Çekildi
A24: 45803 | B24: 625591 | C24: H5130003 | D24: =IF(C24="H5130003","HW.CASHEW NUT W320____________( 22.68 KG )",IF(C24="H5130001","HW.CASHEW NUT W240____________( 22.68 KG )",IF(C24="H5130164","HW.CASHEW NUT W180____________( 22.68 KG )",""))) -> HW.CASHEW NUT W320____________( 22.68 KG ) | E24: HD CASHEW | F24: LIEN VIET | G24: WW320 | H24: 2025 | I24: FLEXIPACKS | J24: 3.27 | K24: =M24/N24 -> 0.092727273 | L24: =K24+J24 -> 3.3627273 | M24: 5100 | N24: 55000 | O24: =N24*0.4536 -> 24948 | P24: 40 | Q24: 1 | R24: HAMU4093393 | S24: AN00029898 | T24: 18717647 | U24: DSV0991421 | V24: 25261-IT25154191 | W24: HD29312-2 | X24: =IFERROR(INDEX('GİRİŞ ANALİZİ'!$D:$D, MATCH($W24,'GİRİŞ ANALİZİ'!$B:$B, 0)),"Bulunamadı") -> 24 | Y24: 45826 | Z24: 45872 | AA24: =Z24-Y24 -> 46 | AB24: İçeri Çekildi
A25: 45803 | B25: 625591 | C25: H5130003 | D25: =IF(C25="H5130003","HW.CASHEW NUT W320____________( 22.68 KG )",IF(C25="H5130001","HW.CASHEW NUT W240____________( 22.68 KG )",IF(C25="H5130164","HW.CASHEW NUT W180____________( 22.68 KG )",""))) -> HW.CASHEW NUT W320____________( 22.68 KG ) | E25: HD CASHEW | F25: LIEN VIET | G25: WW320 | H25: 2025 | I25: FLEXIPACKS | J25: 3.27 | K25: =M25/N25 -> 0.092727273 | L25: =K25+J25 -> 3.3627273 | M25: 5100 | N25: 55000 | O25: =N25*0.4536 -> 24948 | P25: 40 | Q25: 1 | R25: UETU5170212 | S25: AN00029898 | T25: 18717647 | U25: DSV0991421 | V25: 25261-IT25154191 | W25: HD29312-3 | X25: =IFERROR(INDEX('GİRİŞ ANALİZİ'!$D:$D, MATCH($W25,'GİRİŞ ANALİZİ'!$B:$B, 0)),"Bulunamadı") -> 25 | Y25: 45826 | Z25: 45872 | AA25: =Z25-Y25 -> 46 | AB25: İçeri Çekildi
A26: 45803 | B26: 625597 | C26: H5130003 | D26: =IF(C26="H5130003","HW.CASHEW NUT W320____________( 22.68 KG )",IF(C26="H5130001","HW.CASHEW NUT W240____________( 22.68 KG )",IF(C26="H5130164","HW.CASHEW NUT W180____________( 22.68 KG )",""))) -> HW.CASHEW NUT W320____________( 22.68 KG ) | E26: HD CASHEW | F26: MANH TUAN | G26: WW320 | H26: 2025 | I26: FLEXIPACKS | J26: 3.27 | K26: =M26/N26 -> 0.087272727 | L26: =K26+J26 -> 3.3572727 | M26: 4800 | N26: =Q26*55000 -> 55000 | O26: =N26*0.4536 -> 24948 | P26: 40 | Q26: 1 | R26: MSBU4047729 | T26: MEDUHQ437863 | U26: EBKG13297042 | V26: 25258-IT25154192 | W26: HD29612-1 | X26: =IFERROR(INDEX('GİRİŞ ANALİZİ'!$D:$D, MATCH($W26,'GİRİŞ ANALİZİ'!$B:$B, 0)),"Bulunamadı") -> 26 | Y26: 45830 | Z26: 45879 | AA26: =Z26-Y26 -> 49 | AB26: İçeri Çekildi
A27: 45803 | B27: 625597 | C27: H5130003 | D27: =IF(C27="H5130003","HW.CASHEW NUT W320____________( 22.68 KG )",IF(C27="H5130001","HW.CASHEW NUT W240____________( 22.68 KG )",IF(C27="H5130164","HW.CASHEW NUT W180____________( 22.68 KG )",""))) -> HW.CASHEW NUT W320____________( 22.68 KG ) | E27: HD CASHEW | F27: MANH TUAN | G27: WW320 | H27: 2025 | I27: FLEXIPACKS | J27: 3.27 | K27: =M27/N27 -> 0.074909091 | L27: =K27+J27 -> 3.3449091 | M27: 4120 | N27: =Q27*55000 -> 55000 | O27: =N27*0.4536 -> 24948 | P27: 40 | Q27: 1 | R27: MSBU4590335 | T27: MEDUHQ437756 | U27: EBKG13296549 | V27: 25258-IT25154192 | W27: HD29612-2 | X27: =IFERROR(INDEX('GİRİŞ ANALİZİ'!$D:$D, MATCH($W27,'GİRİŞ ANALİZİ'!$B:$B, 0)),"Bulunamadı") -> 28 | Y27: 45844 | Z27: 45898 | AA27: =Z27-Y27 -> 54 | AB27: İçeri Çekildi
A28: 45803 | B28: 625591 | C28: H5130003 | D28: =IF(C28="H5130003","HW.CASHEW NUT W320____________( 22.68 KG )",IF(C28="H5130001","HW.CASHEW NUT W240____________( 22.68 KG )",IF(C28="H5130164","HW.CASHEW NUT W180____________( 22.68 KG )",""))) -> HW.CASHEW NUT W320____________( 22.68 KG ) | E28: HD CASHEW | F28: LIEN VIET | G28: WW320 | H28: 2025 | I28: FLEXIPACKS | J28: 3.25 | K28: =M28/N28 -> 0.074909091 | L28: =K28+J28 -> 3.3249091 | M28: 4120 | N28: =Q28*55000 -> 55000 | O28: =N28*0.4536 -> 24948 | P28: 40 | Q28: 1 | R28: FSCU4163089 | T28: MEDUHQ493825 | U28: EBKG13395422 | V28: 25261-IT25154191 | W28: HD29412-1 | X28: =IFERROR(INDEX('GİRİŞ ANALİZİ'!$D:$D, MATCH($W28,'GİRİŞ ANALİZİ'!$B:$B, 0)),"Bulunamadı") -> 27 | Y28: 45844 | Z28: 45898 | AA28: =Z28-Y28 -> 54 | AB28: İçeri Çekildi
A29: 45803 | B29: 625591 | C29: H5130003 | D29: =IF(C29="H5130003","HW.CASHEW NUT W320____________( 22.68 KG )",IF(C29="H5130001","HW.CASHEW NUT W240____________( 22.68 KG )",IF(C29="H5130164","HW.CASHEW NUT W180____________( 22.68 KG )",""))) -> HW.CASHEW NUT W320____________( 22.68 KG ) | E29: HD CASHEW | F29: LIEN VIET | G29: WW320 | H29: 2025 | I29: FLEXIPACKS | J29: 3.25 | K29: =M29/N29 -> 0.072727273 | L29: =K29+J29 -> 3.3227273 | M29: 4000 | N29: =Q29*55000 -> 55000 | O29: =N29*0.4536 -> 24948 | P29: 40 | Q29: 1 | R29: MSBU4022649 | T29: MEDUHQ575332 | U29: EBKG13557543 | V29: 25261-IT25154191 | W29: HD29412-2 | X29: =IFERROR(INDEX('GİRİŞ ANALİZİ'!$D:$D, MATCH($W29,'GİRİŞ ANALİZİ'!$B:$B, 0)),"Bulunamadı") -> 30 | Y29: 45859 | Z29: 45911 | AA29: =Z29-Y29 -> 52 | AB29: İçeri Çekildi
A30: 45803 | B30: 625591 | C30: H5130003 | D30: =IF(C30="H5130003","HW.CASHEW NUT W320____________( 22.68 KG )",IF(C30="H5130001","HW.CASHEW NUT W240____________( 22.68 KG )",IF(C30="H5130164","HW.CASHEW NUT W180____________( 22.68 KG )",""))) -> HW.CASHEW NUT W320____________( 22.68 KG ) | E30: HD CASHEW | F30: LIEN VIET | G30: WW320 | H30: 2025 | I30: FLEXIPACKS | J30: 3.25 | K30: =M30/N30 -> 0.072727273 | L30: =K30+J30 -> 3.3227273 | M30: 4000 | N30: =Q30*55000 -> 55000 | O30: =N30*0.4536 -> 24948 | P30: 40 | Q30: 1 | R30: TCKU4301533 | T30: MEDUHQ575332 | U30: EBKG13557543 | V30: 25261-IT25154191 | W30: HD29412-3 | X30: =IFERROR(INDEX('GİRİŞ ANALİZİ'!$D:$D, MATCH($W30,'GİRİŞ ANALİZİ'!$B:$B, 0)),"Bulunamadı") -> 29 | Y30: 45859 | Z30: 45911 | AA30: =Z30-Y30 -> 52 | AB30: İçeri Çekildi
A31: 45803 | B31: 625591 | C31: H5130003 | D31: =IF(C31="H5130003","HW.CASHEW NUT W320____________( 22.68 KG )",IF(C31="H5130001","HW.CASHEW NUT W240____________( 22.68 KG )",IF(C31="H5130164","HW.CASHEW NUT W180____________( 22.68 KG )",""))) -> HW.CASHEW NUT W320____________( 22.68 KG ) | E31: HD CASHEW | F31: LIEN VIET | G31: WW320 | H31: 2025 | I31: FLEXIPACKS | J31: 3.25 | K31: =M31/N31 -> 0.072727273 | L31: =K31+J31 -> 3.3227273 | M31: 4000 | N31: =Q31*55000 -> 55000 | O31: =N31*0.4536 -> 24948 | P31: 40 | Q31: 1 | R31: TXGU7262063 | S31: AN00039126 | T31: MEDUHQ721324 | U31: EBKG13861396 | V31: 25261-IT25154191 | W31: HD29412-4 | X31: =IFERROR(INDEX('GİRİŞ ANALİZİ'!$D:$D, MATCH($W31,'GİRİŞ ANALİZİ'!$B:$B, 0)),"Bulunamadı") -> 32 | Y31: 45888 | Z31: 45934 | AA31: =Z31-Y31 -> 46 | AB31: İçeri Çekildi
A32: 45803 | B32: 625591 | C32: H5130003 | D32: =IF(C32="H5130003","HW.CASHEW NUT W320____________( 22.68 KG )",IF(C32="H5130001","HW.CASHEW NUT W240____________( 22.68 KG )",IF(C32="H5130164","HW.CASHEW NUT W180____________( 22.68 KG )",""))) -> HW.CASHEW NUT W320____________( 22.68 KG ) | E32: HD CASHEW | F32: LIEN VIET | G32: WW320 | H32: 2025 | I32: FLEXIPACKS | J32: 3.25 | K32: =M32/N32 -> 0.072727273 | L32: =K32+J32 -> 3.3227273 | M32: 4000 | N32: =Q32*55000 -> 55000 | O32: =N32*0.4536 -> 24948 | P32: 40 | Q32: 1 | R32: GAOU7622115 | S32: AN00039126 | T32: MEDUHQ721324 | U32: EBKG13861396 | V32: 25261-IT25154191 | W32: HD29412-5 | X32: =IFERROR(INDEX('GİRİŞ ANALİZİ'!$D:$D, MATCH($W32,'GİRİŞ ANALİZİ'!$B:$B, 0)),"Bulunamadı") -> 31 | Y32: 45888 | Z32: 45934 | AA32: =Z32-Y32 -> 46 | AB32: İçeri Çekildi
A33: 45803 | B33: 625591 | C33: H5130003 | D33: =IF(C33="H5130003","HW.CASHEW NUT W320____________( 22.68 KG )",IF(C33="H5130001","HW.CASHEW NUT W240____________( 22.68 KG )",IF(C33="H5130164","HW.CASHEW NUT W180____________( 22.68 KG )",""))) -> HW.CASHEW NUT W320____________( 22.68 KG ) | E33: HD CASHEW | F33: LIEN VIET | G33: WW320 | H33: 2025 | I33: FLEXIPACKS | J33: 3.25 | K33: =M33/N33 -> 0.072727273 | L33: =K33+J33 -> 3.3227273 | M33: 4000 | N33: =Q33*55000 -> 55000 | O33: =N33*0.4536 -> 24948 | P33: 40 | Q33: 1 | R33: MSDU7330895 | S33: AN0003984 | T33: MEDUHQ769349 | U33: EBKG13940113 | V33: 25261-IT25154191 | W33: HD29412-6 | X33: =IFERROR(INDEX('GİRİŞ ANALİZİ'!$D:$D, MATCH($W33,'GİRİŞ ANALİZİ'!$B:$B, 0)),"Bulunamadı") -> 34 | Y33: 45894 | Z33: 45942 | AA33: =Z33-Y33 -> 48 | AB33: İçeri Çekildi
A34: 45862 | B34: 632900 | C34: H5130003 | D34: =IF(C34="H5130003","HW.CASHEW NUT W320____________( 22.68 KG )",IF(C34="H5130001","HW.CASHEW NUT W240____________( 22.68 KG )",IF(C34="H5130164","HW.CASHEW NUT W180____________( 22.68 KG )",""))) -> HW.CASHEW NUT W320____________( 22.68 KG ) | E34: HD CASHEW | F34: LIEN VIET | G34: WW320 | H34: 2025 | I34: FLEXIPACKS | J34: 3.16 | K34: =M34/N34 -> 0.072727273 | L34: =K34+J34 -> 3.2327273 | M34: 4000 | N34: =Q34*55000 -> 55000 | O34: =N34*0.4536 -> 24948 | P34: 40 | Q34: 1 | R34: MSMU4735690 | S34: AN00039845 | T34: MEDUHQ768986 | U34: EBKG13939828 | V34: 25286-IT25154209 | W34: HD41312 | X34: =IFERROR(INDEX('GİRİŞ ANALİZİ'!$D:$D, MATCH($W34,'GİRİŞ ANALİZİ'!$B:$B, 0)),"Bulunamadı") -> Bulunamadı | Y34: 45894 | Z34: 45942 | AA34: =Z34-Y34 -> 48 | AB34: Antrepoda
A35: 45803 | B35: 625591 | C35: H5130003 | D35: =IF(C35="H5130003","HW.CASHEW NUT W320____________( 22.68 KG )",IF(C35="H5130001","HW.CASHEW NUT W240____________( 22.68 KG )",IF(C35="H5130164","HW.CASHEW NUT W180____________( 22.68 KG )",""))) -> HW.CASHEW NUT W320____________( 22.68 KG ) | E35: HD CASHEW | F35: LIEN VIET | G35: WW320 | H35: 2025 | I35: FLEXIPACKS | J35: 3.25 | K35: =M35/N35 -> 0.072727273 | L35: =K35+J35 -> 3.3227273 | M35: 4000 | N35: =Q35*55000 -> 55000 | O35: =N35*0.4536 -> 24948 | P35: 40 | Q35: 1 | R35: MSDU6853314 | T35: MEDUHQ985556 | U35: EBKG14296265 | V35: 25261-IT25154191 | W35: HD29412-7 | X35: =IFERROR(INDEX('GİRİŞ ANALİZİ'!$D:$D, MATCH($W35,'GİRİŞ ANALİZİ'!$B:$B, 0)),"Bulunamadı") -> Bulunamadı | Y35: 45935 | Z35: 45983 | AA35: =Z35-Y35 -> 48 | AB35: Limanda
A36: 45803 | B36: 625591 | C36: H5130003 | D36: =IF(C36="H5130003","HW.CASHEW NUT W320____________( 22.68 KG )",IF(C36="H5130001","HW.CASHEW NUT W240____________( 22.68 KG )",IF(C36="H5130164","HW.CASHEW NUT W180____________( 22.68 KG )",""))) -> HW.CASHEW NUT W320____________( 22.68 KG ) | E36: HD CASHEW | F36: LIEN VIET | G36: WW320 | H36: 2025 | I36: FLEXIPACKS | J36: 3.25 | K36: =M36/N36 -> 0.072727273 | L36: =K36+J36 -> 3.3227273 | M36: 4000 | N36: =Q36*55000 -> 55000 | O36: =N36*0.4536 -> 24948 | P36: 40 | Q36: 1 | R36: MSDU8079953 | T36: MEDUHQ985556 | U36: EBKG14296265 | V36: 25261-IT25154191 | W36: HD29412-8 | X36: =IFERROR(INDEX('GİRİŞ ANALİZİ'!$D:$D, MATCH($W36,'GİRİŞ ANALİZİ'!$B:$B, 0)),"Bulunamadı") -> Bulunamadı | Y36: 45935 | Z36: 45983 | AA36: =Z36-Y36 -> 48 | AB36: Limanda
A37: 45803 | B37: 625591 | C37: H5130003 | D37: =IF(C37="H5130003","HW.CASHEW NUT W320____________( 22.68 KG )",IF(C37="H5130001","HW.CASHEW NUT W240____________( 22.68 KG )",IF(C37="H5130164","HW.CASHEW NUT W180____________( 22.68 KG )",""))) -> HW.CASHEW NUT W320____________( 22.68 KG ) | E37: HD CASHEW | F37: LIEN VIET | G37: WW320 | H37: 2025 | I37: FLEXIPACKS | J37: 3.25 | K37: =M37/N37 -> 0.072727273 | L37: =K37+J37 -> 3.3227273 | M37: 4000 | N37: =Q37*55000 -> 55000 | O37: =N37*0.4536 -> 24948 | P37: 40 | Q37: 1 | R37: MSDU6116169 | T37: MEDUHQ985556 | U37: EBKG14340236 | V37: 25261-IT25154191 | W37: HD29412-9 | X37: =IFERROR(INDEX('GİRİŞ ANALİZİ'!$D:$D, MATCH($W37,'GİRİŞ ANALİZİ'!$B:$B, 0)),"Bulunamadı") -> Bulunamadı | Y37: 45935 | Z37: 45983 | AA37: =Z37-Y37 -> 48 | AB37: Limanda
A38: 45902 | B38: 637501 | C38: H5130003 | D38: =IF(C38="H5130003","HW.CASHEW NUT W320____________( 22.68 KG )",IF(C38="H5130001","HW.CASHEW NUT W240____________( 22.68 KG )",IF(C38="H5130164","HW.CASHEW NUT W180____________( 22.68 KG )",""))) -> HW.CASHEW NUT W320____________( 22.68 KG ) | E38: HD CASHEW | F38: NGAN NGOC | G38: WW320 | H38: 2025 | I38: FLEXIPACKS | J38: 3.12 | K38: =M38/55000 -> 0.072727273 | L38: =J38+K38 -> 3.1927273 | M38: 4000 | N38: =Q38*55000 -> 55000 | O38: =N38*0.4536 -> 24948 | P38: 40 | Q38: 1 | R38: MSDU4075939 | S38: AN00040536 | T38: MEDUHQ833079 | U38: EBKG14066450 | V38: 26001-IT26154001 | W38: HD46212-1 | X38: =IFERROR(INDEX('GİRİŞ ANALİZİ'!$D:$D, MATCH($W38,'GİRİŞ ANALİZİ'!$B:$B, 0)),"Bulunamadı") -> 35 | Y38: 45908 | Z38: 45954 | AA38: =Z38-Y38 -> 46 | AB38: İçeri Çekildi
A39: 45902 | B39: 637501 | C39: H5130003 | D39: =IF(C39="H5130003","HW.CASHEW NUT W320____________( 22.68 KG )",IF(C39="H5130001","HW.CASHEW NUT W240____________( 22.68 KG )",IF(C39="H5130164","HW.CASHEW NUT W180____________( 22.68 KG )",""))) -> HW.CASHEW NUT W320____________( 22.68 KG ) | E39: HD CASHEW | F39: NGAN NGOC | G39: WW320 | H39: 2025 | I39: FLEXIPACKS | J39: 3.12 | K39: =M39/55000 -> 0.072727273 | L39: =J39+K39 -> 3.1927273 | M39: 4000 | N39: =Q39*55000 -> 55000 | O39: =N39*0.4536 -> 24948 | P39: 40 | Q39: 1 | R39: MSBU4597622 | S39: AN00043760 | T39: MEDUHQ845693 | U39: EBKG14066518 | V39: 26001-IT26154001 | W39: HD46212-2 | X39: =IFERROR(INDEX('GİRİŞ ANALİZİ'!$D:$D, MATCH($W39,'GİRİŞ ANALİZİ'!$B:$B, 0)),"Bulunamadı") -> Bulunamadı | Y39: 45916 | Z39: 45975 | AA39: =+Z39-Y39 -> 59 | AB39: Antrepoda
A40: 45902 | B40: 637503 | C40: H5130003 | D40: =IF(C40="H5130003","HW.CASHEW NUT W320____________( 22.68 KG )",IF(C40="H5130001","HW.CASHEW NUT W240____________( 22.68 KG )",IF(C40="H5130164","HW.CASHEW NUT W180____________( 22.68 KG )",""))) -> HW.CASHEW NUT W320____________( 22.68 KG ) | E40: HD CASHEW | F40: MANH TUAN | G40: WW320 | H40: 2025 | I40: FLEXIPACKS | J40: 3.15 | K40: =M40/55000 -> 0.072727273 | L40: =J40+K40 -> 3.2227273 | M40: 4000 | N40: =Q40*55000 -> 55000 | O40: =N40*0.4536 -> 24948 | P40: 40 | Q40: 1 | R40: MSDU4045390 | T40: MEDUHQ929687 | U40: EBKG14241605 | V40: 26002-IT26154002 | W40: HD46312-1 | X40: =IFERROR(INDEX('GİRİŞ ANALİZİ'!$D:$D, MATCH($W40,'GİRİŞ ANALİZİ'!$B:$B, 0)),"Bulunamadı") -> Bulunamadı | Y40: 45935 | Z40: 45984 | AA40: =+Z40-Y40 -> 49 | AB40: Limanda
A41: 45902 | B41: 637503 | C41: H5130003 | D41: =IF(C41="H5130003","HW.CASHEW NUT W320____________( 22.68 KG )",IF(C41="H5130001","HW.CASHEW NUT W240____________( 22.68 KG )",IF(C41="H5130164","HW.CASHEW NUT W180____________( 22.68 KG )",""))) -> HW.CASHEW NUT W320____________( 22.68 KG ) | E41: HD CASHEW | F41: MANH TUAN | G41: WW320 | H41: 2025 | I41: FLEXIPACKS | J41: 3.15 | K41: =M41/55000 -> 0.072727273 | L41: =J41+K41 -> 3.2227273 | M41: 4000 | N41: =Q41*55000 -> 55000 | O41: =N41*0.4536 -> 24948 | P41: 40 | Q41: 1 | R41: MSDU4061318 | T41: MEDUHQ929687 | U41: EBKG14241605 | V41: 26002-IT26154002 | W41: HD46312-2 | X41: =IFERROR(INDEX('GİRİŞ ANALİZİ'!$D:$D, MATCH($W41,'GİRİŞ ANALİZİ'!$B:$B, 0)),"Bulunamadı") -> Bulunamadı | Y41: 45935 | Z41: 45984 | AA41: =+Z41-Y41 -> 49 | AB41: Limanda
A42: 45902 | B42: 637504 | C42: H5130003 | D42: =IF(C42="H5130003","HW.CASHEW NUT W320____________( 22.68 KG )",IF(C42="H5130001","HW.CASHEW NUT W240____________( 22.68 KG )",IF(C42="H5130164","HW.CASHEW NUT W180____________( 22.68 KG )",""))) -> HW.CASHEW NUT W320____________( 22.68 KG ) | E42: HD CASHEW | F42: VINH PHUONG | G42: WW320 | H42: 2025 | I42: FLEXIPACKS | J42: 3.15 | K42: =M42/55000 -> 0.042727273 | L42: =J42+K42 -> 3.1927273 | M42: 2350 | N42: =Q42*55000 -> 55000 | O42: =N42*0.4536 -> 24948 | P42: 40 | Q42: 1 | R42: MSDU6342818 | T42: MEDUKS331529 | U42: EBKG14415987 | V42: 26003-IT26154003 | W42: HD46412 | X42: =IFERROR(INDEX('GİRİŞ ANALİZİ'!$D:$D, MATCH($W42,'GİRİŞ ANALİZİ'!$B:$B, 0)),"Bulunamadı") -> Bulunamadı | Y42: 45944 | Z42: 45995 | AA42: =+Z42-Y42 -> 51 | AB42: Yolda
A43: 45902 | B43: 637507 | C43: H5130003 | D43: =IF(C43="H5130003","HW.CASHEW NUT W320____________( 22.68 KG )",IF(C43="H5130001","HW.CASHEW NUT W240____________( 22.68 KG )",IF(C43="H5130164","HW.CASHEW NUT W180____________( 22.68 KG )",""))) -> HW.CASHEW NUT W320____________( 22.68 KG ) | E43: HD CASHEW | F43: TRU LANH | G43: WW320 | H43: 2025 | I43: FLEXIPACKS | J43: 3.15 | K43: =M43/55000 -> 0.072727273 | L43: =J43+K43 -> 3.2227273 | M43: 4000 | N43: =Q43*55000 -> 55000 | O43: =N43*0.4536 -> 24948 | P43: 40 | Q43: 1 | R43: MSBU4024322 | S43: AN00043227 | T43: MEDUHQ862268 | U43: EBKG14134567 | V43: 26006-IT26154006 | W43: HD47712-1 | X43: =IFERROR(INDEX('GİRİŞ ANALİZİ'!$D:$D, MATCH($W43,'GİRİŞ ANALİZİ'!$B:$B, 0)),"Bulunamadı") -> Bulunamadı | Y43: 45923 | Z43: 45975 | AA43: =+Z43-Y43 -> 52 | AB43: Antrepoda
A44: 45902 | B44: 637507 | C44: H5130003 | D44: =IF(C44="H5130003","HW.CASHEW NUT W320____________( 22.68 KG )",IF(C44="H5130001","HW.CASHEW NUT W240____________( 22.68 KG )",IF(C44="H5130164","HW.CASHEW NUT W180____________( 22.68 KG )",""))) -> HW.CASHEW NUT W320____________( 22.68 KG ) | E44: HD CASHEW | F44: TRU LANH | G44: WW320 | H44: 2025 | I44: FLEXIPACKS | J44: 3.15 | K44: =M44/55000 -> 0.072727273 | L44: =J44+K44 -> 3.2227273 | M44: 4000 | N44: =Q44*55000 -> 55000 | O44: =N44*0.4536 -> 24948 | P44: 40 | Q44: 1 | R44: MSDU4174741 | S44: AN00043228 | T44: MEDUHQ862177 | U44: EBKG14134577 | V44: 26006-IT26154006 | W44: HD47712-2 | X44: =IFERROR(INDEX('GİRİŞ ANALİZİ'!$D:$D, MATCH($W44,'GİRİŞ ANALİZİ'!$B:$B, 0)),"Bulunamadı") -> Bulunamadı | Y44: 45923 | Z44: 45975 | AA44: =+Z44-Y44 -> 52 | AB44: Antrepoda
A45: 45902 | B45: 637509 | C45: H5130003 | D45: =IF(C45="H5130003","HW.CASHEW NUT W320____________( 22.68 KG )",IF(C45="H5130001","HW.CASHEW NUT W240____________( 22.68 KG )",IF(C45="H5130164","HW.CASHEW NUT W180____________( 22.68 KG )",""))) -> HW.CASHEW NUT W320____________( 22.68 KG ) | E45: HD CASHEW | F45: MANH TUAN | G45: WW320 | H45: 2025 | I45: FLEXIPACKS | J45: 3.15 | K45: =M45/55000 -> 0.072727273 | L45: =J45+K45 -> 3.2227273 | M45: 4000 | N45: =Q45*55000 -> 55000 | O45: =N45*0.4536 -> 24948 | P45: 40 | Q45: 1 | R45: MSCU4388307 | T45: MEDUHQ815092 | U45: EBKG14027900 | V45: 26008-IT26154012 | W45: HD47612-1 | X45: =IFERROR(INDEX('GİRİŞ ANALİZİ'!$D:$D, MATCH($W45,'GİRİŞ ANALİZİ'!$B:$B, 0)),"Bulunamadı") -> Bulunamadı | Y45: 45923 | Z45: 45975 | AA45: =+Z45-Y45 -> 52 | AB45: Antrepoda
A46: 45902 | B46: 637509 | C46: H5130003 | D46: =IF(C46="H5130003","HW.CASHEW NUT W320____________( 22.68 KG )",IF(C46="H5130001","HW.CASHEW NUT W240____________( 22.68 KG )",IF(C46="H5130164","HW.CASHEW NUT W180____________( 22.68 KG )",""))) -> HW.CASHEW NUT W320____________( 22.68 KG ) | E46: HD CASHEW | F46: MANH TUAN | G46: WW320 | H46: 2025 | I46: FLEXIPACKS | J46: 3.15 | K46: =M46/55000 -> 0.072727273 | L46: =J46+K46 -> 3.2227273 | M46: 4000 | N46: =Q46*55000 -> 55000 | O46: =N46*0.4536 -> 24948 | P46: 40 | Q46: 1 | R46: MSDU4135684 | S46: AN00043225 | T46: MEDUHQ815092 | U46: EBKG14027900 | V46: 26008-IT26154012 | W46: HD47612-2 | X46: =IFERROR(INDEX('GİRİŞ ANALİZİ'!$D:$D, MATCH($W46,'GİRİŞ ANALİZİ'!$B:$B, 0)),"Bulunamadı") -> Bulunamadı | Y46: 45923 | Z46: 45975 | AA46: =+Z46-Y46 -> 52 | AB46: Antrepoda
A47: 45902 | B47: 637510 | C47: H5130003 | D47: =IF(C47="H5130003","HW.CASHEW NUT W320____________( 22.68 KG )",IF(C47="H5130001","HW.CASHEW NUT W240____________( 22.68 KG )",IF(C47="H5130164","HW.CASHEW NUT W180____________( 22.68 KG )",""))) -> HW.CASHEW NUT W320____________( 22.68 KG ) | E47: HD CASHEW | F47: NGAN NGOC | G47: WW320 | H47: 2025 | I47: FLEXIPACKS | J47: 3.15 | K47: =M47/55000 -> 0.072727273 | L47: =J47+K47 -> 3.2227273 | M47: 4000 | N47: =Q47*55000 -> 55000 | O47: =N47*0.4536 -> 24948 | P47: 40 | Q47: 1 | R47: MSBU4587120 | S47: AN00043755 | T47: MEDUHQ845800 | U47: EBKG14066593 | V47: 26009-IT26154013 | W47: HD47812 | X47: =IFERROR(INDEX('GİRİŞ ANALİZİ'!$D:$D, MATCH($W47,'GİRİŞ ANALİZİ'!$B:$B, 0)),"Bulunamadı") -> Bulunamadı | Y47: 45922 | Z47: 45975 | AA47: =+Z47-Y47 -> 53 | AB47: Antrepoda
A48: 45904 | B48: 637850 | C48: H5130003 | D48: =IF(C48="H5130003","HW.CASHEW NUT W320____________( 22.68 KG )",IF(C48="H5130001","HW.CASHEW NUT W240____________( 22.68 KG )",IF(C48="H5130164","HW.CASHEW NUT W180____________( 22.68 KG )",""))) -> HW.CASHEW NUT W320____________( 22.68 KG ) | E48: HD CASHEW | F48: LIEN VIET | G48: WW320 | H48: 2025 | I48: FLEXIPACKS | J48: 3.14 | K48: =M48/55000 -> 0.072727273 | L48: =J48+K48 -> 3.2127273 | M48: 4000 | N48: =Q48*55000 -> 55000 | O48: =N48*0.4536 -> 24948 | P48: 40 | Q48: 1 | R48: MSDU5662530 | T48: MEDUHQ894212 | U48: EBKG14183451 | V48: 26010-IT26154014 | W48: HD48012-4 | X48: =IFERROR(INDEX('GİRİŞ ANALİZİ'!$D:$D, MATCH($W48,'GİRİŞ ANALİZİ'!$B:$B, 0)),"Bulunamadı") -> Bulunamadı | Y48: 45915 | Z48: 45975 | AA48: =+Z48-Y48 -> 60 | AB48: Limanda
A49: 45904 | B49: 637850 | C49: H5130003 | D49: =IF(C49="H5130003","HW.CASHEW NUT W320____________( 22.68 KG )",IF(C49="H5130001","HW.CASHEW NUT W240____________( 22.68 KG )",IF(C49="H5130164","HW.CASHEW NUT W180____________( 22.68 KG )",""))) -> HW.CASHEW NUT W320____________( 22.68 KG ) | E49: HD CASHEW | F49: LIEN VIET | G49: WW320 | H49: 2025 | I49: FLEXIPACKS | J49: 3.14 | K49: =M49/55000 -> 0.072727273 | L49: =J49+K49 -> 3.2127273 | M49: 4000 | N49: =Q49*55000 -> 55000 | O49: =N49*0.4536 -> 24948 | P49: 40 | Q49: 1 | R49: MSDU8302394 | T49: MEDUHQ894212 | U49: EBKG14183451 | V49: 26010-IT26154014 | W49: HD48012-5 | X49: =IFERROR(INDEX('GİRİŞ ANALİZİ'!$D:$D, MATCH($W49,'GİRİŞ ANALİZİ'!$B:$B, 0)),"Bulunamadı") -> Bulunamadı | Y49: 45915 | Z49: 45975 | AA49: =+Z49-Y49 -> 60 | AB49: Limanda
A50: 45904 | B50: 637850 | C50: H5130003 | D50: =IF(C50="H5130003","HW.CASHEW NUT W320____________( 22.68 KG )",IF(C50="H5130001","HW.CASHEW NUT W240____________( 22.68 KG )",IF(C50="H5130164","HW.CASHEW NUT W180____________( 22.68 KG )",""))) -> HW.CASHEW NUT W320____________( 22.68 KG ) | E50: HD CASHEW | F50: LIEN VIET | G50: WW320 | H50: 2025 | I50: FLEXIPACKS | J50: 3.14 | K50: =M50/55000 -> 0.072727273 | L50: =J50+K50 -> 3.2127273 | M50: 4000 | N50: =Q50*55000 -> 55000 | O50: =N50*0.4536 -> 24948 | P50: 40 | Q50: 1 | R50: MSMU8467868 | S50: AN00043759 | T50: MEDUHQ837781 | U50: EBKG14074369 | V50: 26010-IT26154014 | W50: HD48012-1 | X50: =IFERROR(INDEX('GİRİŞ ANALİZİ'!$D:$D, MATCH($W50,'GİRİŞ ANALİZİ'!$B:$B, 0)),"Bulunamadı") -> Bulunamadı | Y50: 45916 | Z50: 45975 | AA50: =+Z50-Y50 -> 59 | AB50: Antrepoda
A51: 45904 | B51: 637850 | C51: H5130003 | D51: =IF(C51="H5130003","HW.CASHEW NUT W320____________( 22.68 KG )",IF(C51="H5130001","HW.CASHEW NUT W240____________( 22.68 KG )",IF(C51="H5130164","HW.CASHEW NUT W180____________( 22.68 KG )",""))) -> HW.CASHEW NUT W320____________( 22.68 KG ) | E51: HD CASHEW | F51: LIEN VIET | G51: WW320 | H51: 2025 | I51: FLEXIPACKS | J51: 3.14 | K51: =M51/55000 -> 0.072727273 | L51: =J51+K51 -> 3.2127273 | M51: 4000 | N51: =Q51*55000 -> 55000 | O51: =N51*0.4536 -> 24948 | P51: 40 | Q51: 1 | R51: MSMU6646910 | S51: AN00043759 | T51: MEDUHQ837781 | U51: EBKG14074369 | V51: 26010-IT26154014 | W51: HD48012-2 | X51: =IFERROR(INDEX('GİRİŞ ANALİZİ'!$D:$D, MATCH($W51,'GİRİŞ ANALİZİ'!$B:$B, 0)),"Bulunamadı") -> Bulunamadı | Y51: 45916 | Z51: 45975 | AA51: =+Z51-Y51 -> 59 | AB51: Antrepoda
A52: 45904 | B52: 637850 | C52: H5130003 | D52: =IF(C52="H5130003","HW.CASHEW NUT W320____________( 22.68 KG )",IF(C52="H5130001","HW.CASHEW NUT W240____________( 22.68 KG )",IF(C52="H5130164","HW.CASHEW NUT W180____________( 22.68 KG )",""))) -> HW.CASHEW NUT W320____________( 22.68 KG ) | E52: HD CASHEW | F52: LIEN VIET | G52: WW320 | H52: 2025 | I52: FLEXIPACKS | J52: 3.14 | K52: =M52/55000 -> 0.072727273 | L52: =J52+K52 -> 3.2127273 | M52: 4000 | N52: =Q52*55000 -> 55000 | O52: =N52*0.4536 -> 24948 | P52: 40 | Q52: 1 | R52: MSNU5185817 | T52: MEDUHQ853911 | U52: EBKG14120868 | V52: 26010-IT26154014 | W52: HD48012-3 | X52: =IFERROR(INDEX('GİRİŞ ANALİZİ'!$D:$D, MATCH($W52,'GİRİŞ ANALİZİ'!$B:$B, 0)),"Bulunamadı") -> Bulunamadı | Y52: 45916 | Z52: 45975 | AA52: =+Z52-Y52 -> 59 | AB52: Limanda
A53: 45904 | B53: 637850 | C53: H5130164 | D53: =IF(C53="H5130003","HW.CASHEW NUT W320____________( 22.68 KG )",IF(C53="H5130001","HW.CASHEW NUT W240____________( 22.68 KG )",IF(C53="H5130164","HW.CASHEW NUT W180____________( 22.68 KG )",""))) -> HW.CASHEW NUT W180____________( 22.68 KG ) | E53: HD CASHEW | F53: LIEN VIET | G53: WW180 | H53: 2025 | I53: FLEXIPACKS | J53: 3.55 | K53: =M53/55000 -> 0.072727273 | L53: =J53+K53 -> 3.6227273 | M53: 4000 | N53: =Q53*55000 -> 55000 | O53: =N53*0.4536 -> 24948 | P53: 40 | Q53: 1 | R53: TRHU7347860 | S53: AN00043756 | T53: MEDUHQ854240 | U53: EBKG14120949 | V53: 26010-IT25154014 | W53: HD48112 | X53: =IFERROR(INDEX('GİRİŞ ANALİZİ'!$D:$D, MATCH($W53,'GİRİŞ ANALİZİ'!$B:$B, 0)),"Bulunamadı") -> Bulunamadı | Y53: 45916 | Z53: 45975 | AA53: =Z53-Y53 -> 59 | AB53: Antrepoda
A54: 45902 | B54: 637511 | C54: H5130001 | D54: =IF(C54="H5130003","HW.CASHEW NUT W320____________( 22.68 KG )",IF(C54="H5130001","HW.CASHEW NUT W240____________( 22.68 KG )",IF(C54="H5130164","HW.CASHEW NUT W180____________( 22.68 KG )",""))) -> HW.CASHEW NUT W240____________( 22.68 KG ) | E54: HD CASHEW | F54: MANH TUAN | G54: WW240 | H54: 2025 | I54: FLEXIPACKS | J54: 3.22 | K54: =M54/55000 -> 0.072727273 | L54: =J54+K54 -> 3.2927273 | M54: 4000 | N54: =Q54*55000 -> 55000 | O54: =N54*0.4536 -> 24948 | P54: 40 | Q54: 1 | R54: MSBU4168504 | S54: AN00043226 | T54: MEDUHQ845560 | U54: EBKG14066853 | V54: 26011-IT26154015 | W54: HD47912-2 | X54: =IFERROR(INDEX('GİRİŞ ANALİZİ'!$D:$D, MATCH($W54,'GİRİŞ ANALİZİ'!$B:$B, 0)),"Bulunamadı") -> Bulunamadı | Y54: 45916 | Z54: 45975 | AA54: =Z54-Y54 -> 59 | AB54: İçeri Çekildi
A55: 45902 | B55: 637511 | C55: H5130001 | D55: =IF(C55="H5130003","HW.CASHEW NUT W320____________( 22.68 KG )",IF(C55="H5130001","HW.CASHEW NUT W240____________( 22.68 KG )",IF(C55="H5130164","HW.CASHEW NUT W180____________( 22.68 KG )",""))) -> HW.CASHEW NUT W240____________( 22.68 KG ) | E55: HD CASHEW | F55: MANH TUAN | G55: WW240 | H55: 2025 | I55: FLEXIPACKS | J55: 3.22 | K55: =M55/55000 -> 0.072727273 | L55: =J55+K55 -> 3.2927273 | M55: 4000 | N55: =Q55*55000 -> 55000 | O55: =N55*0.4536 -> 24948 | P55: 40 | Q55: 1 | R55: MSDU4599200 | S55: AN00043226 | T55: MEDUHQ845560 | U55: EBKG14066853 | V55: 26011-IT26154015 | W55: HD47912-1 | X55: =IFERROR(INDEX('GİRİŞ ANALİZİ'!$D:$D, MATCH($W55,'GİRİŞ ANALİZİ'!$B:$B, 0)),"Bulunamadı") -> Bulunamadı | Y55: 45916 | Z55: 45975 | AA55: =Z55-Y55 -> 59 | AB55: İçeri Çekildi
A56: 45912 | B56: 639006 | C56: H5130003 | D56: =IF(C56="H5130003","HW.CASHEW NUT W320____________( 22.68 KG )",IF(C56="H5130001","HW.CASHEW NUT W240____________( 22.68 KG )",IF(C56="H5130164","HW.CASHEW NUT W180____________( 22.68 KG )",""))) -> HW.CASHEW NUT W320____________( 22.68 KG ) | E56: HD CASHEW | F56: LIEN VIET | G56: WW320 | H56: 2025 | I56: FLEXIPACKS | J56: 3.18 | K56: =M56/55000 -> 0.042727273 | L56: =J56+K56 -> 3.2227273 | M56: 2350 | N56: =Q56*55000 -> 55000 | O56: =N56*0.4536 -> 24948 | P56: 40 | Q56: 1 | R56: MSBU5061212 | T56: MEDUKS346543 | U56: EBKG14439568 | V56: 26037-IT26154035 | W56: HD50812 | X56: =IFERROR(INDEX('GİRİŞ ANALİZİ'!$D:$D, MATCH($W56,'GİRİŞ ANALİZİ'!$B:$B, 0)),"Bulunamadı") -> Bulunamadı | Y56: 45944 | Z56: 45995 | AA56: =Z56-Y56 -> 51 | AB56: Yolda
A57: 45912 | B57: 639006 | C57: H5130001 | D57: =IF(C57="H5130003","HW.CASHEW NUT W320____________( 22.68 KG )",IF(C57="H5130001","HW.CASHEW NUT W240____________( 22.68 KG )",IF(C57="H5130164","HW.CASHEW NUT W180____________( 22.68 KG )",""))) -> HW.CASHEW NUT W240____________( 22.68 KG ) | E57: HD CASHEW | F57: LIEN VIET | G57: WW240 | H57: 2025 | I57: FLEXIPACKS | J57: 3.25 | K57: =M57/55000 -> 0.042727273 | L57: =J57+K57 -> 3.2927273 | M57: 2350 | N57: =Q57*55000 -> 55000 | O57: =N57*0.4536 -> 24948 | P57: 40 | Q57: 1 | R57: MSDU8963619 | T57: MEDUKS346436 | U57: EBKG14439857 | V57: 26037-IT26154035 | W57: HD50712-1 | X57: =IFERROR(INDEX('GİRİŞ ANALİZİ'!$D:$D, MATCH($W57,'GİRİŞ ANALİZİ'!$B:$B, 0)),"Bulunamadı") -> Bulunamadı | Y57: 45955 | Z57: 46002 | AA57: =Z57-Y57 -> 47 | AB57: Yolda
A58: 45912 | B58: 639006 | C58: H5130001 | D58: =IF(C58="H5130003","HW.CASHEW NUT W320____________( 22.68 KG )",IF(C58="H5130001","HW.CASHEW NUT W240____________( 22.68 KG )",IF(C58="H5130164","HW.CASHEW NUT W180____________( 22.68 KG )",""))) -> HW.CASHEW NUT W240____________( 22.68 KG ) | E58: HD CASHEW | F58: LIEN VIET | G58: WW240 | H58: 2025 | I58: FLEXIPACKS | J58: 3.25 | K58: =M58/55000 -> 0.042727273 | L58: =J58+K58 -> 3.2927273 | M58: 2350 | N58: =Q58*55000 -> 55000 | O58: =N58*0.4536 -> 24948 | P58: 40 | Q58: 1 | R58: TIIU5173894 | T58: MEDUKS417161 | U58: EBKG14568339 | V58: 26037-IT26154035 | W58: HD50712-2 | X58: =IFERROR(INDEX('GİRİŞ ANALİZİ'!$D:$D, MATCH($W58,'GİRİŞ ANALİZİ'!$B:$B, 0)),"Bulunamadı") -> Bulunamadı | Y58: 45956 | Z58: 46002 | AA58: =Z58-Y58 -> 46 | AB58: Yolda
A59: 45925 | B59: 642223 | C59: H5130003 | D59: =IF(C59="H5130003","HW.CASHEW NUT W320____________( 22.68 KG )",IF(C59="H5130001","HW.CASHEW NUT W240____________( 22.68 KG )",IF(C59="H5130164","HW.CASHEW NUT W180____________( 22.68 KG )",""))) -> HW.CASHEW NUT W320____________( 22.68 KG ) | E59: HD CASHEW | F59: LIEN VIET | G59: WW320 | H59: 2025 | I59: FLEXIPACKS | J59: 3.25 | K59: =M59/55000 -> 0.042727273 | L59: =J59+K59 -> 3.2927273 | M59: 2350 | N59: =Q59*55000 -> 55000 | O59: =N59*0.4536 -> 24948 | P59: 40 | Q59: 1 | R59: MSMU7466194 | T59: MSMU7466194 | U59: EBKG14439714 | V59: 26079-IT26154066 | W59: HD54812 | X59: =IFERROR(INDEX('GİRİŞ ANALİZİ'!$D:$D, MATCH($W59,'GİRİŞ ANALİZİ'!$B:$B, 0)),"Bulunamadı") -> Bulunamadı | Y59: 45943 | Z59: 45995 | AA59: =Z59-Y59 -> 52 | AB59: Yolda
A60: 45930 | B60: 642795 | C60: H5130003 | D60: =IF(C60="H5130003","HW.CASHEW NUT W320____________( 22.68 KG )",IF(C60="H5130001","HW.CASHEW NUT W240____________( 22.68 KG )",IF(C60="H5130164","HW.CASHEW NUT W180____________( 22.68 KG )",""))) -> HW.CASHEW NUT W320____________( 22.68 KG ) | E60: HD CASHEW | F60: LIEN VIET | G60: WW320 | H60: 2025 | I60: FLEXIPACKS | J60: 3.25 | K60: =M60/55000 -> 0.042727273 | L60: =J60+K60 -> 3.2927273 | M60: 2350 | N60: =Q60*55000 -> 55000 | O60: =N60*0.4536 -> 24948 | P60: 40 | Q60: 1 | R60: MSNU7309922 | T60: MEDUKS346477 | U60: EBKG14439936 | V60: 26086-IT26154073 | W60: HD55212-1 | X60: =IFERROR(INDEX('GİRİŞ ANALİZİ'!$D:$D, MATCH($W60,'GİRİŞ ANALİZİ'!$B:$B, 0)),"Bulunamadı") -> Bulunamadı | Y60: 45955 | Z60: 46002 | AA60: =Z60-Y60 -> 47 | AB60: Yolda
A61: 45930 | B61: 642795 | C61: H5130003 | D61: =IF(C61="H5130003","HW.CASHEW NUT W320____________( 22.68 KG )",IF(C61="H5130001","HW.CASHEW NUT W240____________( 22.68 KG )",IF(C61="H5130164","HW.CASHEW NUT W180____________( 22.68 KG )",""))) -> HW.CASHEW NUT W320____________( 22.68 KG ) | E61: HD CASHEW | F61: LIEN VIET | G61: WW320 | H61: 2025 | I61: FLEXIPACKS | J61: 3.25 | K61: =M61/55000 -> 0.042727273 | L61: =J61+K61 -> 3.2927273 | M61: 2350 | N61: =Q61*55000 -> 55000 | O61: =N61*0.4536 -> 24948 | P61: 40 | Q61: 1 | R61: MSBU8191143 | T61: MEDUKS417187 | U61: EBKG14568509 | V61: 26086-IT26154073 | W61: HD55212-2 | X61: =IFERROR(INDEX('GİRİŞ ANALİZİ'!$D:$D, MATCH($W61,'GİRİŞ ANALİZİ'!$B:$B, 0)),"Bulunamadı") -> Bulunamadı | Y61: 45955 | Z61: 46002 | AA61: =Z61-Y61 -> 47 | AB61: Yolda
A62: 45938 | B62: 645283 | C62: H5130164 | D62: =IF(C62="H5130003","HW.CASHEW NUT W320____________( 22.68 KG )",IF(C62="H5130001","HW.CASHEW NUT W240____________( 22.68 KG )",IF(C62="H5130164","HW.CASHEW NUT W180____________( 22.68 KG )",""))) -> HW.CASHEW NUT W180____________( 22.68 KG ) | E62: HD CASHEW | F62: LIEN VIET | G62: WW180 | H62: 2025 | I62: FLEXIPACKS | J62: 3.8 | K62: =M62/55000 -> 0.042727273 | L62: =J62+K62 -> 3.8427273 | M62: 2350 | N62: =Q62*55000 -> 55000 | O62: =N62*0.4536 -> 24948 | P62: 40 | Q62: 1 | R62: MSNU7487776 | T62: MEDUKS375732 | U62: EBKG14493762 | V62: 26092-IT26154078 | W62: HD56612 | X62: =IFERROR(INDEX('GİRİŞ ANALİZİ'!$D:$D, MATCH($W62,'GİRİŞ ANALİZİ'!$B:$B, 0)),"Bulunamadı") -> Bulunamadı | Y62: 45956 | Z62: 46002 | AA62: =Z62-Y62 -> 46 | AB62: Yolda
A63: 45938 | B63: 645284 | C63: H5130164 | D63: =IF(C63="H5130003","HW.CASHEW NUT W320____________( 22.68 KG )",IF(C63="H5130001","HW.CASHEW NUT W240____________( 22.68 KG )",IF(C63="H5130164","HW.CASHEW NUT W180____________( 22.68 KG )",""))) -> HW.CASHEW NUT W180____________( 22.68 KG ) | E63: HD CASHEW | F63: CAO PHAT | G63: WW180 | H63: 2025 | I63: FLEXIPACKS | J63: 3.75 | K63: =M63/55000 -> 0.060909091 | L63: =J63+K63 -> 3.8109091 | M63: 3350 | N63: =Q63*55000 -> 55000 | O63: =N63*0.4536 -> 24948 | P63: 40 | Q63: 1 | R63: MSNU6806420 | T63: MEDUKS409259 | U63: EBKG14557556 | V63: 26093-IT26154077 | W63: HD56712 | X63: =IFERROR(INDEX('GİRİŞ ANALİZİ'!$D:$D, MATCH($W63,'GİRİŞ ANALİZİ'!$B:$B, 0)),"Bulunamadı") -> Bulunamadı | Y63: 45967 | Z63: 46016 | AA63: =Z63-Y63 -> 49 | AB63: Yolda
A64: 45944 | B64: 645469 | C64: H5130001 | D64: =IF(C64="H5130003","HW.CASHEW NUT W320____________( 22.68 KG )",IF(C64="H5130001","HW.CASHEW NUT W240____________( 22.68 KG )",IF(C64="H5130164","HW.CASHEW NUT W180____________( 22.68 KG )",""))) -> HW.CASHEW NUT W240____________( 22.68 KG ) | E64: HD CASHEW | F64: NGAN NGOC | G64: WW240 | H64: 2025 | I64: FLEXIPACKS | J64: 3.23 | K64: =M64/55000 -> 0.042727273 | L64: =J64+K64 -> 3.2727273 | M64: 2350 | N64: =Q64*55000 -> 55000 | O64: =N64*0.4536 -> 24948 | P64: 40 | Q64: 1 | R64: MSDU4073453 | T64: MEDUKS431592 | U64: EBKG14592653 | V64: 26097-IT26154080 | W64: HD57112 | X64: =IFERROR(INDEX('GİRİŞ ANALİZİ'!$D:$D, MATCH($W64,'GİRİŞ ANALİZİ'!$B:$B, 0)),"Bulunamadı") -> Bulunamadı | Y64: 45958 | Z64: 46002 | AA64: =Z64-Y64 -> 44 | AB64: Yolda
A65: 45947 | B65: 646449 | C65: H5130003 | D65: =IF(C65="H5130003","HW.CASHEW NUT W320____________( 22.68 KG )",IF(C65="H5130001","HW.CASHEW NUT W240____________( 22.68 KG )",IF(C65="H5130164","HW.CASHEW NUT W180____________( 22.68 KG )",""))) -> HW.CASHEW NUT W320____________( 22.68 KG ) | E65: HD CASHEW | F65: LIEN VIET | G65: WW320 | H65: 2025 | I65: FLEXIPACKS | J65: 3.16 | K65: =M65/55000 -> 0.060909091 | L65: =J65+K65 -> 3.2209091 | M65: 3350 | N65: =Q65*55000 -> 55000 | O65: =N65*0.4536 -> 24948 | P65: 40 | Q65: 1 | R65: FFAU5672232 | T65: MEDUKS829100 | U65: EBKG14757715 | V65: 26105-IT26154086 | W65: HD57212 | X65: =IFERROR(INDEX('GİRİŞ ANALİZİ'!$D:$D, MATCH($W65,'GİRİŞ ANALİZİ'!$B:$B, 0)),"Bulunamadı") -> Bulunamadı | Y65: 45972 | Z65: 46023 | AA65: =Z65-Y65 -> 51 | AB65: Yolda
A66: 45947 | B66: 646449 | C66: H5130001 | D66: =IF(C66="H5130003","HW.CASHEW NUT W320____________( 22.68 KG )",IF(C66="H5130001","HW.CASHEW NUT W240____________( 22.68 KG )",IF(C66="H5130164","HW.CASHEW NUT W180____________( 22.68 KG )",""))) -> HW.CASHEW NUT W240____________( 22.68 KG ) | E66: HD CASHEW | F66: LIEN VIET | G66: WW240 | H66: 2025 | I66: FLEXIPACKS | J66: 3.25 | K66: =M66/55000 -> 0.060909091 | L66: =J66+K66 -> 3.3109091 | M66: 3350 | N66: =Q66*55000 -> 55000 | O66: =N66*0.4536 -> 24948 | P66: 40 | Q66: 1 | R66: TGBU7469166 | T66: MEDUKS829142 | U66: EBKG14757810 | V66: 26105-IT26154086 | W66: HD57312 | X66: =IFERROR(INDEX('GİRİŞ ANALİZİ'!$D:$D, MATCH($W66,'GİRİŞ ANALİZİ'!$B:$B, 0)),"Bulunamadı") -> Bulunamadı | Y66: 45972 | Z66: 46023 | AA66: =Z66-Y66 -> 51 | AB66: Yolda
E67: HD CASHEW | K67: =M67/55000 -> 0.074545455 | L67: =J67+K67 -> 0.074545455 | M67: 4100 | N67: =Q67*55000 -> 0 | O67: =N67*0.4536 -> 0 | X67: =IFERROR(INDEX('GİRİŞ ANALİZİ'!$D:$D, MATCH($W67,'GİRİŞ ANALİZİ'!$B:$B, 0)),"Bulunamadı") -> Bulunamadı | AA67: =Z67-Y67 -> 0 | AB67: Yüklenmedi
D68: =IF(C68="H5130003","HW.CASHEW NUT W320____________( 22.68 KG )",IF(C68="H5130001","HW.CASHEW NUT W240____________( 22.68 KG )",IF(C68="H5130164","HW.CASHEW NUT W180____________( 22.68 KG )",""))) | E68: HD CASHEW | K68: =M68/55000 -> 0 | L68: =J68+K68 -> 0 | N68: =Q68*55000 -> 0 | O68: =N68*0.4536 -> 0 | X68: =IFERROR(INDEX('GİRİŞ ANALİZİ'!$D:$D, MATCH($W68,'GİRİŞ ANALİZİ'!$B:$B, 0)),"Bulunamadı") -> Bulunamadı | AA68: =Z68-Y68 -> 0 | AB68: Yüklenmedi
D69: =IF(C69="H5130003","HW.CASHEW NUT W320____________( 22.68 KG )",IF(C69="H5130001","HW.CASHEW NUT W240____________( 22.68 KG )",IF(C69="H5130164","HW.CASHEW NUT W180____________( 22.68 KG )",""))) | E69: HD CASHEW | K69: =M69/55000 -> 0 | L69: =J69+K69 -> 0 | N69: =Q69*55000 -> 0 | O69: =N69*0.4536 -> 0 | X69: =IFERROR(INDEX('GİRİŞ ANALİZİ'!$D:$D, MATCH($W69,'GİRİŞ ANALİZİ'!$B:$B, 0)),"Bulunamadı") -> Bulunamadı | AA69: =Z69-Y69 -> 0 | AB69: Yüklenmedi
D70: =IF(C70="H5130003","HW.CASHEW NUT W320____________( 22.68 KG )",IF(C70="H5130001","HW.CASHEW NUT W240____________( 22.68 KG )",IF(C70="H5130164","HW.CASHEW NUT W180____________( 22.68 KG )",""))) | E70: HD CASHEW | K70: =M70/55000 -> 0 | L70: =J70+K70 -> 0 | N70: =Q70*55000 -> 0 | O70: =N70*0.4536 -> 0 | X70: =IFERROR(INDEX('GİRİŞ ANALİZİ'!$D:$D, MATCH($W70,'GİRİŞ ANALİZİ'!$B:$B, 0)),"Bulunamadı") -> Bulunamadı | AA70: =Z70-Y70 -> 0 | AB70: Yüklenmedi
D71: =IF(C71="H5130003","HW.CASHEW NUT W320____________( 22.68 KG )",IF(C71="H5130001","HW.CASHEW NUT W240____________( 22.68 KG )",IF(C71="H5130164","HW.CASHEW NUT W180____________( 22.68 KG )",""))) | E71: HD CASHEW | K71: =M71/55000 -> 0 | L71: =J71+K71 -> 0 | N71: =Q71*55000 -> 0 | O71: =N71*0.4536 -> 0 | X71: =IFERROR(INDEX('GİRİŞ ANALİZİ'!$D:$D, MATCH($W71,'GİRİŞ ANALİZİ'!$B:$B, 0)),"Bulunamadı") -> Bulunamadı | AA71: =Z71-Y71 -> 0 | AB71: Yüklenmedi
D72: =IF(C72="H5130003","HW.CASHEW NUT W320____________( 22.68 KG )",IF(C72="H5130001","HW.CASHEW NUT W240____________( 22.68 KG )",IF(C72="H5130164","HW.CASHEW NUT W180____________( 22.68 KG )",""))) | E72: HD CASHEW | K72: =M72/55000 -> 0 | L72: =J72+K72 -> 0 | N72: =Q72*55000 -> 0 | O72: =N72*0.4536 -> 0 | X72: =IFERROR(INDEX('GİRİŞ ANALİZİ'!$D:$D, MATCH($W72,'GİRİŞ ANALİZİ'!$B:$B, 0)),"Bulunamadı") -> Bulunamadı | AA72: =Z72-Y72 -> 0 | AB72: Yüklenmedi
D73: =IF(C73="H5130003","HW.CASHEW NUT W320____________( 22.68 KG )",IF(C73="H5130001","HW.CASHEW NUT W240____________( 22.68 KG )",IF(C73="H5130164","HW.CASHEW NUT W180____________( 22.68 KG )",""))) | E73: HD CASHEW | K73: =M73/55000 -> 0 | L73: =J73+K73 -> 0 | N73: =Q73*55000 -> 0 | O73: =N73*0.4536 -> 0 | X73: =IFERROR(INDEX('GİRİŞ ANALİZİ'!$D:$D, MATCH($W73,'GİRİŞ ANALİZİ'!$B:$B, 0)),"Bulunamadı") -> Bulunamadı | AA73: =Z73-Y73 -> 0 | AB73: Yüklenmedi
D74: =IF(C74="H5130003","HW.CASHEW NUT W320____________( 22.68 KG )",IF(C74="H5130001","HW.CASHEW NUT W240____________( 22.68 KG )",IF(C74="H5130164","HW.CASHEW NUT W180____________( 22.68 KG )",""))) | E74: HD CASHEW | K74: =M74/55000 -> 0 | L74: =J74+K74 -> 0 | N74: =Q74*55000 -> 0 | O74: =N74*0.4536 -> 0 | X74: =IFERROR(INDEX('GİRİŞ ANALİZİ'!$D:$D, MATCH($W74,'GİRİŞ ANALİZİ'!$B:$B, 0)),"Bulunamadı") -> Bulunamadı | AA74: =Z74-Y74 -> 0 | AB74: Yüklenmedi
D75: =IF(C75="H5130003","HW.CASHEW NUT W320____________( 22.68 KG )",IF(C75="H5130001","HW.CASHEW NUT W240____________( 22.68 KG )",IF(C75="H5130164","HW.CASHEW NUT W180____________( 22.68 KG )",""))) | E75: HD CASHEW | K75: =M75/55000 -> 0 | L75: =J75+K75 -> 0 | N75: =Q75*55000 -> 0 | O75: =N75*0.4536 -> 0 | X75: =IFERROR(INDEX('GİRİŞ ANALİZİ'!$D:$D, MATCH($W75,'GİRİŞ ANALİZİ'!$B:$B, 0)),"Bulunamadı") -> Bulunamadı | AA75: =Z75-Y75 -> 0 | AB75: Yüklenmedi
D76: =IF(C76="H5130003","HW.CASHEW NUT W320____________( 22.68 KG )",IF(C76="H5130001","HW.CASHEW NUT W240____________( 22.68 KG )",IF(C76="H5130164","HW.CASHEW NUT W180____________( 22.68 KG )",""))) | E76: HD CASHEW | K76: =M76/55000 -> 0 | L76: =J76+K76 -> 0 | N76: =Q76*55000 -> 0 | O76: =N76*0.4536 -> 0 | X76: =IFERROR(INDEX('GİRİŞ ANALİZİ'!$D:$D, MATCH($W76,'GİRİŞ ANALİZİ'!$B:$B, 0)),"Bulunamadı") -> Bulunamadı | AA76: =Z76-Y76 -> 0 | AB76: Yüklenmedi
D77: =IF(C77="H5130003","HW.CASHEW NUT W320____________( 22.68 KG )",IF(C77="H5130001","HW.CASHEW NUT W240____________( 22.68 KG )",IF(C77="H5130164","HW.CASHEW NUT W180____________( 22.68 KG )",""))) | E77: HD CASHEW | K77: =M77/55000 -> 0 | L77: =J77+K77 -> 0 | N77: =Q77*55000 -> 0 | O77: =N77*0.4536 -> 0 | X77: =IFERROR(INDEX('GİRİŞ ANALİZİ'!$D:$D, MATCH($W77,'GİRİŞ ANALİZİ'!$B:$B, 0)),"Bulunamadı") -> Bulunamadı | AA77: =Z77-Y77 -> 0 | AB77: Yüklenmedi
D78: =IF(C78="H5130003","HW.CASHEW NUT W320____________( 22.68 KG )",IF(C78="H5130001","HW.CASHEW NUT W240____________( 22.68 KG )",IF(C78="H5130164","HW.CASHEW NUT W180____________( 22.68 KG )",""))) | E78: HD CASHEW | K78: =M78/55000 -> 0 | L78: =J78+K78 -> 0 | N78: =Q78*55000 -> 0 | O78: =N78*0.4536 -> 0 | X78: =IFERROR(INDEX('GİRİŞ ANALİZİ'!$D:$D, MATCH($W78,'GİRİŞ ANALİZİ'!$B:$B, 0)),"Bulunamadı") -> Bulunamadı | AA78: =Z78-Y78 -> 0 | AB78: Yüklenmedi
D79: =IF(C79="H5130003","HW.CASHEW NUT W320____________( 22.68 KG )",IF(C79="H5130001","HW.CASHEW NUT W240____________( 22.68 KG )",IF(C79="H5130164","HW.CASHEW NUT W180____________( 22.68 KG )",""))) | E79: HD CASHEW | K79: =M79/55000 -> 0 | L79: =J79+K79 -> 0 | N79: =Q79*55000 -> 0 | O79: =N79*0.4536 -> 0 | X79: =IFERROR(INDEX('GİRİŞ ANALİZİ'!$D:$D, MATCH($W79,'GİRİŞ ANALİZİ'!$B:$B, 0)),"Bulunamadı") -> Bulunamadı | AA79: =Z79-Y79 -> 0 | AB79: Yüklenmedi
... D100: =IF(C100="H5130003","HW.CASHEW NUT W320____________( 22.68 KG )",IF(C100="H5130001","HW.CASHEW NUT W240____________( 22.68 KG )",IF(C100="H5130164","HW.CASHEW NUT W180____________( 22.68 KG )",""))) | E100: HD CASHEW | K100: =M100/55000 -> 0 | L100: =J100+K100 -> 0 | N100: =Q100*55000 -> 0 | O100: =N100*0.4536 -> 0 | X100: =IFERROR(INDEX('GİRİŞ ANALİZİ'!$D:$D, MATCH($W100,'GİRİŞ ANALİZİ'!$B:$B, 0)),"Bulunamadı") -> Bulunamadı | AA100: =Z100-Y100 -> 0 | AB100: Yüklenmedi
D101: =IF(C101="H5130003","HW.CASHEW NUT W320____________( 22.68 KG )",IF(C101="H5130001","HW.CASHEW NUT W240____________( 22.68 KG )",IF(C101="H5130164","HW.CASHEW NUT W180____________( 22.68 KG )",""))) | X101: =IFERROR(INDEX('GİRİŞ ANALİZİ'!$D:$D, MATCH($W101,'GİRİŞ ANALİZİ'!$B:$B, 0)),"Bulunamadı") -> Bulunamadı
D102: =IF(C102="H5130003","HW.CASHEW NUT W320____________( 22.68 KG )",IF(C102="H5130001","HW.CASHEW NUT W240____________( 22.68 KG )",IF(C102="H5130164","HW.CASHEW NUT W180____________( 22.68 KG )",""))) | X102: =IFERROR(INDEX('GİRİŞ ANALİZİ'!$D:$D, MATCH($W102,'GİRİŞ ANALİZİ'!$B:$B, 0)),"Bulunamadı") -> Bulunamadı
D103: =IF(C103="H5130003","HW.CASHEW NUT W320____________( 22.68 KG )",IF(C103="H5130001","HW.CASHEW NUT W240____________( 22.68 KG )",IF(C103="H5130164","HW.CASHEW NUT W180____________( 22.68 KG )",""))) | X103: =IFERROR(INDEX('GİRİŞ ANALİZİ'!$D:$D, MATCH($W103,'GİRİŞ ANALİZİ'!$B:$B, 0)),"Bulunamadı") -> Bulunamadı
D104: =IF(C104="H5130003","HW.CASHEW NUT W320____________( 22.68 KG )",IF(C104="H5130001","HW.CASHEW NUT W240____________( 22.68 KG )",IF(C104="H5130164","HW.CASHEW NUT W180____________( 22.68 KG )",""))) | X104: =IFERROR(INDEX('GİRİŞ ANALİZİ'!$D:$D, MATCH($W104,'GİRİŞ ANALİZİ'!$B:$B, 0)),"Bulunamadı") -> Bulunamadı
D105: =IF(C105="H5130003","HW.CASHEW NUT W320____________( 22.68 KG )",IF(C105="H5130001","HW.CASHEW NUT W240____________( 22.68 KG )",IF(C105="H5130164","HW.CASHEW NUT W180____________( 22.68 KG )",""))) | X105: =IFERROR(INDEX('GİRİŞ ANALİZİ'!$D:$D, MATCH($W105,'GİRİŞ ANALİZİ'!$B:$B, 0)),"Bulunamadı") -> Bulunamadı
D106: =IF(C106="H5130003","HW.CASHEW NUT W320____________( 22.68 KG )",IF(C106="H5130001","HW.CASHEW NUT W240____________( 22.68 KG )",IF(C106="H5130164","HW.CASHEW NUT W180____________( 22.68 KG )",""))) | X106: =IFERROR(INDEX('GİRİŞ ANALİZİ'!$D:$D, MATCH($W106,'GİRİŞ ANALİZİ'!$B:$B, 0)),"Bulunamadı") -> Bulunamadı
D107: =IF(C107="H5130003","HW.CASHEW NUT W320____________( 22.68 KG )",IF(C107="H5130001","HW.CASHEW NUT W240____________( 22.68 KG )",IF(C107="H5130164","HW.CASHEW NUT W180____________( 22.68 KG )",""))) | X107: =IFERROR(INDEX('GİRİŞ ANALİZİ'!$D:$D, MATCH($W107,'GİRİŞ ANALİZİ'!$B:$B, 0)),"Bulunamadı") -> Bulunamadı
D108: =IF(C108="H5130003","HW.CASHEW NUT W320____________( 22.68 KG )",IF(C108="H5130001","HW.CASHEW NUT W240____________( 22.68 KG )",IF(C108="H5130164","HW.CASHEW NUT W180____________( 22.68 KG )",""))) | X108: =IFERROR(INDEX('GİRİŞ ANALİZİ'!$D:$D, MATCH($W108,'GİRİŞ ANALİZİ'!$B:$B, 0)),"Bulunamadı") -> Bulunamadı
D109: =IF(C109="H5130003","HW.CASHEW NUT W320____________( 22.68 KG )",IF(C109="H5130001","HW.CASHEW NUT W240____________( 22.68 KG )",IF(C109="H5130164","HW.CASHEW NUT W180____________( 22.68 KG )",""))) | X109: =IFERROR(INDEX('GİRİŞ ANALİZİ'!$D:$D, MATCH($W109,'GİRİŞ ANALİZİ'!$B:$B, 0)),"Bulunamadı") -> Bulunamadı
D110: =IF(C110="H5130003","HW.CASHEW NUT W320____________( 22.68 KG )",IF(C110="H5130001","HW.CASHEW NUT W240____________( 22.68 KG )",IF(C110="H5130164","HW.CASHEW NUT W180____________( 22.68 KG )",""))) | X110: =IFERROR(INDEX('GİRİŞ ANALİZİ'!$D:$D, MATCH($W110,'GİRİŞ ANALİZİ'!$B:$B, 0)),"Bulunamadı") -> Bulunamadı
D111: =IF(C111="H5130003","HW.CASHEW NUT W320____________( 22.68 KG )",IF(C111="H5130001","HW.CASHEW NUT W240____________( 22.68 KG )",IF(C111="H5130164","HW.CASHEW NUT W180____________( 22.68 KG )",""))) | X111: =IFERROR(INDEX('GİRİŞ ANALİZİ'!$D:$D, MATCH($W111,'GİRİŞ ANALİZİ'!$B:$B, 0)),"Bulunamadı") -> Bulunamadı
D112: =IF(C112="H5130003","HW.CASHEW NUT W320____________( 22.68 KG )",IF(C112="H5130001","HW.CASHEW NUT W240____________( 22.68 KG )",IF(C112="H5130164","HW.CASHEW NUT W180____________( 22.68 KG )",""))) | X112: =IFERROR(INDEX('GİRİŞ ANALİZİ'!$D:$D, MATCH($W112,'GİRİŞ ANALİZİ'!$B:$B, 0)),"Bulunamadı") -> Bulunamadı
... D499: =IF(C499="H5130003","HW.CASHEW NUT W320____________( 22.68 KG )",IF(C499="H5130001","HW.CASHEW NUT W240____________( 22.68 KG )",IF(C499="H5130164","HW.CASHEW NUT W180____________( 22.68 KG )",""))) | X499: =IFERROR(INDEX('GİRİŞ ANALİZİ'!$D:$D, MATCH($W499,'GİRİŞ ANALİZİ'!$B:$B, 0)),"Bulunamadı") -> Bulunamadı

Sheet ANTREPO
A1: Satın Alma Bağlantısı | B1: Firma Adı | C1: Stok Kodu | D1: Stok Adı | E1: Kg | F1: Konteyner No | G1: Tır No | H1: Parti No | I1: Antrepo No | J1: B/L No | K1: Ref. No | L1: Contract No
A2: =IFERROR(HYPERLINK("#"&ADDRESS(MATCH($F2,'SATIN ALMA'!$R:$R,0),COLUMN('SATIN ALMA'!$R:$R),1,1,"SATIN ALMA"),"Git →"),"Bulunamadı") -> Git → | B2: =IFERROR(INDEX('SATIN ALMA'!$F:$F, MATCH($F2, 'SATIN ALMA'!$R:$R, 0)),"Bulunamadı") -> LIEN VIET | C2: =IFERROR(INDEX('SATIN ALMA'!$C:$C, MATCH($F2, 'SATIN ALMA'!$R:$R, 0)),"Bulunamadı" ) -> H5130003 | D2: =IFERROR(INDEX('SATIN ALMA'!$D:$D, MATCH($F2, 'SATIN ALMA'!$R:$R, 0)),"Bulunamadı" ) -> HW.CASHEW NUT W320____________( 22.68 KG ) | E2: =IFERROR(INDEX('SATIN ALMA'!$O:$O, MATCH($F2, 'SATIN ALMA'!$R:$R, 0)),"Bulunamadı" ) -> 24948 | F2: MSMU4735690 | G2: =IFERROR(INDEX('GİRİŞ ANALİZİ'!$D:$D, MATCH($F2, 'GİRİŞ ANALİZİ'!$C:$C, 0)),"Bulunamadı" ) -> Bulunamadı | H2: =IFERROR(INDEX('GİRİŞ ANALİZİ'!$E:$E, MATCH($F2, 'GİRİŞ ANALİZİ'!$C:$C, 0)),"Bulunamadı" ) -> Bulunamadı | I2: =IFERROR(INDEX('SATIN ALMA'!$S:$S, MATCH(F2, 'SATIN ALMA'!$R:$R, 0)),"Bulunamadı" ) -> AN00039845 | J2: =IFERROR(INDEX('SATIN ALMA'!$T:$T, MATCH($F2, 'SATIN ALMA'!$R:$R, 0)),"Bulunamadı") -> MEDUHQ768986 | K2: =IFERROR(INDEX('SATIN ALMA'!$V:$V, MATCH($F2, 'SATIN ALMA'!$R:$R, 0)),"Bulunamadı" ) -> 25286-IT25154209 | L2: =IFERROR( INDEX('SATIN ALMA'!$W:$W, MATCH($F2, 'SATIN ALMA'!$R:$R, 0)), "Bulunamadı" ) -> HD41312
A3: =IFERROR(HYPERLINK("#"&ADDRESS(MATCH($F3,'SATIN ALMA'!$R:$R,0),COLUMN('SATIN ALMA'!$R:$R),1,1,"SATIN ALMA"),"Git →"),"Bulunamadı") -> Git → | B3: =IFERROR(INDEX('SATIN ALMA'!$F:$F, MATCH($F3, 'SATIN ALMA'!$R:$R, 0)),"Bulunamadı") -> MANH TUAN | C3: =IFERROR(INDEX('SATIN ALMA'!$C:$C, MATCH($F3, 'SATIN ALMA'!$R:$R, 0)),"Bulunamadı" ) -> H5130003 | D3: =IFERROR(INDEX('SATIN ALMA'!$D:$D, MATCH($F3, 'SATIN ALMA'!$R:$R, 0)),"Bulunamadı" ) -> HW.CASHEW NUT W320____________( 22.68 KG ) | E3: =IFERROR(INDEX('SATIN ALMA'!$O:$O, MATCH($F3, 'SATIN ALMA'!$R:$R, 0)),"Bulunamadı" ) -> 24948 | F3: MSDU4135684 | G3: =IFERROR(INDEX('GİRİŞ ANALİZİ'!$D:$D, MATCH($F3, 'GİRİŞ ANALİZİ'!$C:$C, 0)),"Bulunamadı" ) -> Bulunamadı | H3: =IFERROR(INDEX('GİRİŞ ANALİZİ'!$E:$E, MATCH($F3, 'GİRİŞ ANALİZİ'!$C:$C, 0)),"Bulunamadı" ) -> Bulunamadı | I3: =IFERROR(INDEX('SATIN ALMA'!$S:$S, MATCH(F3, 'SATIN ALMA'!$R:$R, 0)),"Bulunamadı" ) -> AN00043225 | J3: =IFERROR(INDEX('SATIN ALMA'!$T:$T, MATCH($F3, 'SATIN ALMA'!$R:$R, 0)),"Bulunamadı") -> MEDUHQ815092 | K3: =IFERROR(INDEX('SATIN ALMA'!$V:$V, MATCH($F3, 'SATIN ALMA'!$R:$R, 0)),"Bulunamadı" ) -> 26008-IT26154012 | L3: =IFERROR( INDEX('SATIN ALMA'!$W:$W, MATCH($F3, 'SATIN ALMA'!$R:$R, 0)), "Bulunamadı" ) -> HD47612-2
A4: =IFERROR(HYPERLINK("#"&ADDRESS(MATCH($F4,'SATIN ALMA'!$R:$R,0),COLUMN('SATIN ALMA'!$R:$R),1,1,"SATIN ALMA"),"Git →"),"Bulunamadı") -> Git → | B4: =IFERROR(INDEX('SATIN ALMA'!$F:$F, MATCH($F4, 'SATIN ALMA'!$R:$R, 0)),"Bulunamadı") -> TRU LANH | C4: =IFERROR(INDEX('SATIN ALMA'!$C:$C, MATCH($F4, 'SATIN ALMA'!$R:$R, 0)),"Bulunamadı" ) -> H5130003 | D4: =IFERROR(INDEX('SATIN ALMA'!$D:$D, MATCH($F4, 'SATIN ALMA'!$R:$R, 0)),"Bulunamadı" ) -> HW.CASHEW NUT W320____________( 22.68 KG ) | E4: =IFERROR(INDEX('SATIN ALMA'!$O:$O, MATCH($F4, 'SATIN ALMA'!$R:$R, 0)),"Bulunamadı" ) -> 24948 | F4: MSDU4174741 | G4: =IFERROR(INDEX('GİRİŞ ANALİZİ'!$D:$D, MATCH($F4, 'GİRİŞ ANALİZİ'!$C:$C, 0)),"Bulunamadı" ) -> Bulunamadı | H4: =IFERROR(INDEX('GİRİŞ ANALİZİ'!$E:$E, MATCH($F4, 'GİRİŞ ANALİZİ'!$C:$C, 0)),"Bulunamadı" ) -> Bulunamadı | I4: =IFERROR(INDEX('SATIN ALMA'!$S:$S, MATCH(F4, 'SATIN ALMA'!$R:$R, 0)),"Bulunamadı" ) -> AN00043228 | J4: =IFERROR(INDEX('SATIN ALMA'!$T:$T, MATCH($F4, 'SATIN ALMA'!$R:$R, 0)),"Bulunamadı") -> MEDUHQ862177 | K4: =IFERROR(INDEX('SATIN ALMA'!$V:$V, MATCH($F4, 'SATIN ALMA'!$R:$R, 0)),"Bulunamadı" ) -> 26006-IT26154006 | L4: =IFERROR( INDEX('SATIN ALMA'!$W:$W, MATCH($F4, 'SATIN ALMA'!$R:$R, 0)), "Bulunamadı" ) -> HD47712-2
A5: =IFERROR(HYPERLINK("#"&ADDRESS(MATCH($F5,'SATIN ALMA'!$R:$R,0),COLUMN('SATIN ALMA'!$R:$R),1,1,"SATIN ALMA"),"Git →"),"Bulunamadı") -> Git → | B5: =IFERROR(INDEX('SATIN ALMA'!$F:$F, MATCH($F5, 'SATIN ALMA'!$R:$R, 0)),"Bulunamadı") -> TRU LANH | C5: =IFERROR(INDEX('SATIN ALMA'!$C:$C, MATCH($F5, 'SATIN ALMA'!$R:$R, 0)),"Bulunamadı" ) -> H5130003 | D5: =IFERROR(INDEX('SATIN ALMA'!$D:$D, MATCH($F5, 'SATIN ALMA'!$R:$R, 0)),"Bulunamadı" ) -> HW.CASHEW NUT W320____________( 22.68 KG ) | E5: =IFERROR(INDEX('SATIN ALMA'!$O:$O, MATCH($F5, 'SATIN ALMA'!$R:$R, 0)),"Bulunamadı" ) -> 24948 | F5: MSBU4024322 | G5: =IFERROR(INDEX('GİRİŞ ANALİZİ'!$D:$D, MATCH($F5, 'GİRİŞ ANALİZİ'!$C:$C, 0)),"Bulunamadı" ) -> Bulunamadı | H5: =IFERROR(INDEX('GİRİŞ ANALİZİ'!$E:$E, MATCH($F5, 'GİRİŞ ANALİZİ'!$C:$C, 0)),"Bulunamadı" ) -> Bulunamadı | I5: =IFERROR(INDEX('SATIN ALMA'!$S:$S, MATCH(F5, 'SATIN ALMA'!$R:$R, 0)),"Bulunamadı" ) -> AN00043227 | J5: =IFERROR(INDEX('SATIN ALMA'!$T:$T, MATCH($F5, 'SATIN ALMA'!$R:$R, 0)),"Bulunamadı") -> MEDUHQ862268 | K5: =IFERROR(INDEX('SATIN ALMA'!$V:$V, MATCH($F5, 'SATIN ALMA'!$R:$R, 0)),"Bulunamadı" ) -> 26006-IT26154006 | L5: =IFERROR( INDEX('SATIN ALMA'!$W:$W, MATCH($F5, 'SATIN ALMA'!$R:$R, 0)), "Bulunamadı" ) -> HD47712-1
A6: =IFERROR(HYPERLINK("#"&ADDRESS(MATCH($F6,'SATIN ALMA'!$R:$R,0),COLUMN('SATIN ALMA'!$R:$R),1,1,"SATIN ALMA"),"Git →"),"Bulunamadı") -> Git → | B6: =IFERROR(INDEX('SATIN ALMA'!$F:$F, MATCH($F6, 'SATIN ALMA'!$R:$R, 0)),"Bulunamadı") -> LIEN VIET | C6: =IFERROR(INDEX('SATIN ALMA'!$C:$C, MATCH($F6, 'SATIN ALMA'!$R:$R, 0)),"Bulunamadı" ) -> H5130164 | D6: =IFERROR(INDEX('SATIN ALMA'!$D:$D, MATCH($F6, 'SATIN ALMA'!$R:$R, 0)),"Bulunamadı" ) -> HW.CASHEW NUT W180____________( 22.68 KG ) | E6: =IFERROR(INDEX('SATIN ALMA'!$O:$O, MATCH($F6, 'SATIN ALMA'!$R:$R, 0)),"Bulunamadı" ) -> 24948 | F6: TRHU7347860 | G6: =IFERROR(INDEX('GİRİŞ ANALİZİ'!$D:$D, MATCH($F6, 'GİRİŞ ANALİZİ'!$C:$C, 0)),"Bulunamadı" ) -> Bulunamadı | H6: =IFERROR(INDEX('GİRİŞ ANALİZİ'!$E:$E, MATCH($F6, 'GİRİŞ ANALİZİ'!$C:$C, 0)),"Bulunamadı" ) -> Bulunamadı | I6: =IFERROR(INDEX('SATIN ALMA'!$S:$S, MATCH(F6, 'SATIN ALMA'!$R:$R, 0)),"Bulunamadı" ) -> AN00043756 | J6: =IFERROR(INDEX('SATIN ALMA'!$T:$T, MATCH($F6, 'SATIN ALMA'!$R:$R, 0)),"Bulunamadı") -> MEDUHQ854240 | K6: =IFERROR(INDEX('SATIN ALMA'!$V:$V, MATCH($F6, 'SATIN ALMA'!$R:$R, 0)),"Bulunamadı" ) -> 26010-IT25154014 | L6: =IFERROR( INDEX('SATIN ALMA'!$W:$W, MATCH($F6, 'SATIN ALMA'!$R:$R, 0)), "Bulunamadı" ) -> HD48112
A7: =IFERROR(HYPERLINK("#"&ADDRESS(MATCH($F7,'SATIN ALMA'!$R:$R,0),COLUMN('SATIN ALMA'!$R:$R),1,1,"SATIN ALMA"),"Git →"),"Bulunamadı") -> Git → | B7: =IFERROR(INDEX('SATIN ALMA'!$F:$F, MATCH($F7, 'SATIN ALMA'!$R:$R, 0)),"Bulunamadı") -> LIEN VIET | C7: =IFERROR(INDEX('SATIN ALMA'!$C:$C, MATCH($F7, 'SATIN ALMA'!$R:$R, 0)),"Bulunamadı" ) -> H5130003 | D7: =IFERROR(INDEX('SATIN ALMA'!$D:$D, MATCH($F7, 'SATIN ALMA'!$R:$R, 0)),"Bulunamadı" ) -> HW.CASHEW NUT W320____________( 22.68 KG ) | E7: =IFERROR(INDEX('SATIN ALMA'!$O:$O, MATCH($F7, 'SATIN ALMA'!$R:$R, 0)),"Bulunamadı" ) -> 24948 | F7: MSMU8467868 | G7: =IFERROR(INDEX('GİRİŞ ANALİZİ'!$D:$D, MATCH($F7, 'GİRİŞ ANALİZİ'!$C:$C, 0)),"Bulunamadı" ) -> Bulunamadı | H7: =IFERROR(INDEX('GİRİŞ ANALİZİ'!$E:$E, MATCH($F7, 'GİRİŞ ANALİZİ'!$C:$C, 0)),"Bulunamadı" ) -> Bulunamadı | I7: =IFERROR(INDEX('SATIN ALMA'!$S:$S, MATCH(F7, 'SATIN ALMA'!$R:$R, 0)),"Bulunamadı" ) -> AN00043759 | J7: =IFERROR(INDEX('SATIN ALMA'!$T:$T, MATCH($F7, 'SATIN ALMA'!$R:$R, 0)),"Bulunamadı") -> MEDUHQ837781 | K7: =IFERROR(INDEX('SATIN ALMA'!$V:$V, MATCH($F7, 'SATIN ALMA'!$R:$R, 0)),"Bulunamadı" ) -> 26010-IT26154014 | L7: =IFERROR( INDEX('SATIN ALMA'!$W:$W, MATCH($F7, 'SATIN ALMA'!$R:$R, 0)), "Bulunamadı" ) -> HD48012-1
A8: =IFERROR(HYPERLINK("#"&ADDRESS(MATCH($F8,'SATIN ALMA'!$R:$R,0),COLUMN('SATIN ALMA'!$R:$R),1,1,"SATIN ALMA"),"Git →"),"Bulunamadı") -> Git → | B8: =IFERROR(INDEX('SATIN ALMA'!$F:$F, MATCH($F8, 'SATIN ALMA'!$R:$R, 0)),"Bulunamadı") -> LIEN VIET | C8: =IFERROR(INDEX('SATIN ALMA'!$C:$C, MATCH($F8, 'SATIN ALMA'!$R:$R, 0)),"Bulunamadı" ) -> H5130003 | D8: =IFERROR(INDEX('SATIN ALMA'!$D:$D, MATCH($F8, 'SATIN ALMA'!$R:$R, 0)),"Bulunamadı" ) -> HW.CASHEW NUT W320____________( 22.68 KG ) | E8: =IFERROR(INDEX('SATIN ALMA'!$O:$O, MATCH($F8, 'SATIN ALMA'!$R:$R, 0)),"Bulunamadı" ) -> 24948 | F8: MSMU6646910 | G8: =IFERROR(INDEX('GİRİŞ ANALİZİ'!$D:$D, MATCH($F8, 'GİRİŞ ANALİZİ'!$C:$C, 0)),"Bulunamadı" ) -> Bulunamadı | H8: =IFERROR(INDEX('GİRİŞ ANALİZİ'!$E:$E, MATCH($F8, 'GİRİŞ ANALİZİ'!$C:$C, 0)),"Bulunamadı" ) -> Bulunamadı | I8: =IFERROR(INDEX('SATIN ALMA'!$S:$S, MATCH(F8, 'SATIN ALMA'!$R:$R, 0)),"Bulunamadı" ) -> AN00043759 | J8: =IFERROR(INDEX('SATIN ALMA'!$T:$T, MATCH($F8, 'SATIN ALMA'!$R:$R, 0)),"Bulunamadı") -> MEDUHQ837781 | K8: =IFERROR(INDEX('SATIN ALMA'!$V:$V, MATCH($F8, 'SATIN ALMA'!$R:$R, 0)),"Bulunamadı" ) -> 26010-IT26154014 | L8: =IFERROR( INDEX('SATIN ALMA'!$W:$W, MATCH($F8, 'SATIN ALMA'!$R:$R, 0)), "Bulunamadı" ) -> HD48012-2
A9: =IFERROR(HYPERLINK("#"&ADDRESS(MATCH($F9,'SATIN ALMA'!$R:$R,0),COLUMN('SATIN ALMA'!$R:$R),1,1,"SATIN ALMA"),"Git →"),"Bulunamadı") -> Git → | B9: =IFERROR(INDEX('SATIN ALMA'!$F:$F, MATCH($F9, 'SATIN ALMA'!$R:$R, 0)),"Bulunamadı") -> NGAN NGOC | C9: =IFERROR(INDEX('SATIN ALMA'!$C:$C, MATCH($F9, 'SATIN ALMA'!$R:$R, 0)),"Bulunamadı" ) -> H5130003 | D9: =IFERROR(INDEX('SATIN ALMA'!$D:$D, MATCH($F9, 'SATIN ALMA'!$R:$R, 0)),"Bulunamadı" ) -> HW.CASHEW NUT W320____________( 22.68 KG ) | E9: =IFERROR(INDEX('SATIN ALMA'!$O:$O, MATCH($F9, 'SATIN ALMA'!$R:$R, 0)),"Bulunamadı" ) -> 24948 | F9: MSBU4587120 | G9: =IFERROR(INDEX('GİRİŞ ANALİZİ'!$D:$D, MATCH($F9, 'GİRİŞ ANALİZİ'!$C:$C, 0)),"Bulunamadı" ) -> Bulunamadı | H9: =IFERROR(INDEX('GİRİŞ ANALİZİ'!$E:$E, MATCH($F9, 'GİRİŞ ANALİZİ'!$C:$C, 0)),"Bulunamadı" ) -> Bulunamadı | I9: =IFERROR(INDEX('SATIN ALMA'!$S:$S, MATCH(F9, 'SATIN ALMA'!$R:$R, 0)),"Bulunamadı" ) -> AN00043755 | J9: =IFERROR(INDEX('SATIN ALMA'!$T:$T, MATCH($F9, 'SATIN ALMA'!$R:$R, 0)),"Bulunamadı") -> MEDUHQ845800 | K9: =IFERROR(INDEX('SATIN ALMA'!$V:$V, MATCH($F9, 'SATIN ALMA'!$R:$R, 0)),"Bulunamadı" ) -> 26009-IT26154013 | L9: =IFERROR( INDEX('SATIN ALMA'!$W:$W, MATCH($F9, 'SATIN ALMA'!$R:$R, 0)), "Bulunamadı" ) -> HD47812
A10: =IFERROR(HYPERLINK("#"&ADDRESS(MATCH($F10,'SATIN ALMA'!$R:$R,0),COLUMN('SATIN ALMA'!$R:$R),1,1,"SATIN ALMA"),"Git →"),"Bulunamadı") -> Git → | B10: =IFERROR(INDEX('SATIN ALMA'!$F:$F, MATCH($F10, 'SATIN ALMA'!$R:$R, 0)),"Bulunamadı") -> NGAN NGOC | C10: =IFERROR(INDEX('SATIN ALMA'!$C:$C, MATCH($F10, 'SATIN ALMA'!$R:$R, 0)),"Bulunamadı" ) -> H5130003 | D10: =IFERROR(INDEX('SATIN ALMA'!$D:$D, MATCH($F10, 'SATIN ALMA'!$R:$R, 0)),"Bulunamadı" ) -> HW.CASHEW NUT W320____________( 22.68 KG ) | E10: =IFERROR(INDEX('SATIN ALMA'!$O:$O, MATCH($F10, 'SATIN ALMA'!$R:$R, 0)),"Bulunamadı" ) -> 24948 | F10: MSBU4597622 | G10: =IFERROR(INDEX('GİRİŞ ANALİZİ'!$D:$D, MATCH($F10, 'GİRİŞ ANALİZİ'!$C:$C, 0)),"Bulunamadı" ) -> Bulunamadı | H10: =IFERROR(INDEX('GİRİŞ ANALİZİ'!$E:$E, MATCH($F10, 'GİRİŞ ANALİZİ'!$C:$C, 0)),"Bulunamadı" ) -> Bulunamadı | I10: =IFERROR(INDEX('SATIN ALMA'!$S:$S, MATCH(F10, 'SATIN ALMA'!$R:$R, 0)),"Bulunamadı" ) -> AN00043760 | J10: =IFERROR(INDEX('SATIN ALMA'!$T:$T, MATCH($F10, 'SATIN ALMA'!$R:$R, 0)),"Bulunamadı") -> MEDUHQ845693 | K10: =IFERROR(INDEX('SATIN ALMA'!$V:$V, MATCH($F10, 'SATIN ALMA'!$R:$R, 0)),"Bulunamadı" ) -> 26001-IT26154001 | L10: =IFERROR( INDEX('SATIN ALMA'!$W:$W, MATCH($F10, 'SATIN ALMA'!$R:$R, 0)), "Bulunamadı" ) -> HD46212-2
A11: =IFERROR(HYPERLINK("#"&ADDRESS(MATCH($F11,'SATIN ALMA'!$R:$R,0),COLUMN('SATIN ALMA'!$R:$R),1,1,"SATIN ALMA"),"Git →"),"Bulunamadı") -> Bulunamadı | B11: =IFERROR(INDEX('SATIN ALMA'!$F:$F, MATCH($F11, 'SATIN ALMA'!$R:$R, 0)),"Bulunamadı") -> Bulunamadı | C11: =IFERROR(INDEX('SATIN ALMA'!$C:$C, MATCH($F11, 'SATIN ALMA'!$R:$R, 0)),"Bulunamadı" ) -> Bulunamadı | D11: =IFERROR(INDEX('SATIN ALMA'!$D:$D, MATCH($F11, 'SATIN ALMA'!$R:$R, 0)),"Bulunamadı" ) -> Bulunamadı | E11: =IFERROR(INDEX('SATIN ALMA'!$O:$O, MATCH($F11, 'SATIN ALMA'!$R:$R, 0)),"Bulunamadı" ) -> Bulunamadı | G11: =IFERROR(INDEX('GİRİŞ ANALİZİ'!$D:$D, MATCH($F11, 'GİRİŞ ANALİZİ'!$C:$C, 0)),"Bulunamadı" ) -> Bulunamadı | H11: =IFERROR(INDEX('GİRİŞ ANALİZİ'!$E:$E, MATCH($F11, 'GİRİŞ ANALİZİ'!$C:$C, 0)),"Bulunamadı" ) -> Bulunamadı | I11: =IFERROR(INDEX('SATIN ALMA'!$S:$S, MATCH(F11, 'SATIN ALMA'!$R:$R, 0)),"Bulunamadı" ) -> Bulunamadı | J11: =IFERROR(INDEX('SATIN ALMA'!$T:$T, MATCH($F11, 'SATIN ALMA'!$R:$R, 0)),"Bulunamadı") -> Bulunamadı | K11: =IFERROR(INDEX('SATIN ALMA'!$V:$V, MATCH($F11, 'SATIN ALMA'!$R:$R, 0)),"Bulunamadı" ) -> Bulunamadı | L11: =IFERROR( INDEX('SATIN ALMA'!$W:$W, MATCH($F11, 'SATIN ALMA'!$R:$R, 0)), "Bulunamadı" ) -> Bulunamadı
A12: =IFERROR(HYPERLINK("#"&ADDRESS(MATCH($F12,'SATIN ALMA'!$R:$R,0),COLUMN('SATIN ALMA'!$R:$R),1,1,"SATIN ALMA"),"Git →"),"Bulunamadı") -> Bulunamadı | B12: =IFERROR(INDEX('SATIN ALMA'!$F:$F, MATCH($F12, 'SATIN ALMA'!$R:$R, 0)),"Bulunamadı") -> Bulunamadı | C12: =IFERROR(INDEX('SATIN ALMA'!$C:$C, MATCH($F12, 'SATIN ALMA'!$R:$R, 0)),"Bulunamadı" ) -> Bulunamadı | D12: =IFERROR(INDEX('SATIN ALMA'!$D:$D, MATCH($F12, 'SATIN ALMA'!$R:$R, 0)),"Bulunamadı" ) -> Bulunamadı | E12: =IFERROR(INDEX('SATIN ALMA'!$O:$O, MATCH($F12, 'SATIN ALMA'!$R:$R, 0)),"Bulunamadı" ) -> Bulunamadı | G12: =IFERROR(INDEX('GİRİŞ ANALİZİ'!$D:$D, MATCH($F12, 'GİRİŞ ANALİZİ'!$C:$C, 0)),"Bulunamadı" ) -> Bulunamadı | H12: =IFERROR(INDEX('GİRİŞ ANALİZİ'!$E:$E, MATCH($F12, 'GİRİŞ ANALİZİ'!$C:$C, 0)),"Bulunamadı" ) -> Bulunamadı | I12: =IFERROR(INDEX('SATIN ALMA'!$S:$S, MATCH(F12, 'SATIN ALMA'!$R:$R, 0)),"Bulunamadı" ) -> Bulunamadı | J12: =IFERROR(INDEX('SATIN ALMA'!$T:$T, MATCH($F12, 'SATIN ALMA'!$R:$R, 0)),"Bulunamadı") -> Bulunamadı | K12: =IFERROR(INDEX('SATIN ALMA'!$V:$V, MATCH($F12, 'SATIN ALMA'!$R:$R, 0)),"Bulunamadı" ) -> Bulunamadı | L12: =IFERROR( INDEX('SATIN ALMA'!$W:$W, MATCH($F12, 'SATIN ALMA'!$R:$R, 0)), "Bulunamadı" ) -> Bulunamadı
A13: =IFERROR(HYPERLINK("#"&ADDRESS(MATCH($F13,'SATIN ALMA'!$R:$R,0),COLUMN('SATIN ALMA'!$R:$R),1,1,"SATIN ALMA"),"Git →"),"Bulunamadı") -> Bulunamadı | B13: =IFERROR(INDEX('SATIN ALMA'!$F:$F, MATCH($F13, 'SATIN ALMA'!$R:$R, 0)),"Bulunamadı") -> Bulunamadı | C13: =IFERROR(INDEX('SATIN ALMA'!$C:$C, MATCH($F13, 'SATIN ALMA'!$R:$R, 0)),"Bulunamadı" ) -> Bulunamadı | D13: =IFERROR(INDEX('SATIN ALMA'!$D:$D, MATCH($F13, 'SATIN ALMA'!$R:$R, 0)),"Bulunamadı" ) -> Bulunamadı | E13: =IFERROR(INDEX('SATIN ALMA'!$O:$O, MATCH($F13, 'SATIN ALMA'!$R:$R, 0)),"Bulunamadı" ) -> Bulunamadı | G13: =IFERROR(INDEX('GİRİŞ ANALİZİ'!$D:$D, MATCH($F13, 'GİRİŞ ANALİZİ'!$C:$C, 0)),"Bulunamadı" ) -> Bulunamadı | H13: =IFERROR(INDEX('GİRİŞ ANALİZİ'!$E:$E, MATCH($F13, 'GİRİŞ ANALİZİ'!$C:$C, 0)),"Bulunamadı" ) -> Bulunamadı | I13: =IFERROR(INDEX('SATIN ALMA'!$S:$S, MATCH(F13, 'SATIN ALMA'!$R:$R, 0)),"Bulunamadı" ) -> Bulunamadı | J13: =IFERROR(INDEX('SATIN ALMA'!$T:$T, MATCH($F13, 'SATIN ALMA'!$R:$R, 0)),"Bulunamadı") -> Bulunamadı | K13: =IFERROR(INDEX('SATIN ALMA'!$V:$V, MATCH($F13, 'SATIN ALMA'!$R:$R, 0)),"Bulunamadı" ) -> Bulunamadı | L13: =IFERROR( INDEX('SATIN ALMA'!$W:$W, MATCH($F13, 'SATIN ALMA'!$R:$R, 0)), "Bulunamadı" ) -> Bulunamadı
A14: =IFERROR(HYPERLINK("#"&ADDRESS(MATCH($F14,'SATIN ALMA'!$R:$R,0),COLUMN('SATIN ALMA'!$R:$R),1,1,"SATIN ALMA"),"Git →"),"Bulunamadı") -> Bulunamadı | B14: =IFERROR(INDEX('SATIN ALMA'!$F:$F, MATCH($F14, 'SATIN ALMA'!$R:$R, 0)),"Bulunamadı") -> Bulunamadı | C14: =IFERROR(INDEX('SATIN ALMA'!$C:$C, MATCH($F14, 'SATIN ALMA'!$R:$R, 0)),"Bulunamadı" ) -> Bulunamadı | D14: =IFERROR(INDEX('SATIN ALMA'!$D:$D, MATCH($F14, 'SATIN ALMA'!$R:$R, 0)),"Bulunamadı" ) -> Bulunamadı | E14: =IFERROR(INDEX('SATIN ALMA'!$O:$O, MATCH($F14, 'SATIN ALMA'!$R:$R, 0)),"Bulunamadı" ) -> Bulunamadı | G14: =IFERROR(INDEX('GİRİŞ ANALİZİ'!$D:$D, MATCH($F14, 'GİRİŞ ANALİZİ'!$C:$C, 0)),"Bulunamadı" ) -> Bulunamadı | H14: =IFERROR(INDEX('GİRİŞ ANALİZİ'!$E:$E, MATCH($F14, 'GİRİŞ ANALİZİ'!$C:$C, 0)),"Bulunamadı" ) -> Bulunamadı | I14: =IFERROR(INDEX('SATIN ALMA'!$S:$S, MATCH(F14, 'SATIN ALMA'!$R:$R, 0)),"Bulunamadı" ) -> Bulunamadı | J14: =IFERROR(INDEX('SATIN ALMA'!$T:$T, MATCH($F14, 'SATIN ALMA'!$R:$R, 0)),"Bulunamadı") -> Bulunamadı | K14: =IFERROR(INDEX('SATIN ALMA'!$V:$V, MATCH($F14, 'SATIN ALMA'!$R:$R, 0)),"Bulunamadı" ) -> Bulunamadı | L14: =IFERROR( INDEX('SATIN ALMA'!$W:$W, MATCH($F14, 'SATIN ALMA'!$R:$R, 0)), "Bulunamadı" ) -> Bulunamadı
A15: =IFERROR(HYPERLINK("#"&ADDRESS(MATCH($F15,'SATIN ALMA'!$R:$R,0),COLUMN('SATIN ALMA'!$R:$R),1,1,"SATIN ALMA"),"Git →"),"Bulunamadı") -> Bulunamadı | B15: =IFERROR(INDEX('SATIN ALMA'!$F:$F, MATCH($F15, 'SATIN ALMA'!$R:$R, 0)),"Bulunamadı") -> Bulunamadı | C15: =IFERROR(INDEX('SATIN ALMA'!$C:$C, MATCH($F15, 'SATIN ALMA'!$R:$R, 0)),"Bulunamadı" ) -> Bulunamadı | D15: =IFERROR(INDEX('SATIN ALMA'!$D:$D, MATCH($F15, 'SATIN ALMA'!$R:$R, 0)),"Bulunamadı" ) -> Bulunamadı | E15: =IFERROR(INDEX('SATIN ALMA'!$O:$O, MATCH($F15, 'SATIN ALMA'!$R:$R, 0)),"Bulunamadı" ) -> Bulunamadı | G15: =IFERROR(INDEX('GİRİŞ ANALİZİ'!$D:$D, MATCH($F15, 'GİRİŞ ANALİZİ'!$C:$C, 0)),"Bulunamadı" ) -> Bulunamadı | H15: =IFERROR(INDEX('GİRİŞ ANALİZİ'!$E:$E, MATCH($F15, 'GİRİŞ ANALİZİ'!$C:$C, 0)),"Bulunamadı" ) -> Bulunamadı | I15: =IFERROR(INDEX('SATIN ALMA'!$S:$S, MATCH(F15, 'SATIN ALMA'!$R:$R, 0)),"Bulunamadı" ) -> Bulunamadı | J15: =IFERROR(INDEX('SATIN ALMA'!$T:$T, MATCH($F15, 'SATIN ALMA'!$R:$R, 0)),"Bulunamadı") -> Bulunamadı | K15: =IFERROR(INDEX('SATIN ALMA'!$V:$V, MATCH($F15, 'SATIN ALMA'!$R:$R, 0)),"Bulunamadı" ) -> Bulunamadı | L15: =IFERROR( INDEX('SATIN ALMA'!$W:$W, MATCH($F15, 'SATIN ALMA'!$R:$R, 0)), "Bulunamadı" ) -> Bulunamadı
J21: =IFERROR( INDEX('SATIN ALMA'!$T:$T, MATCH($F21, 'SATIN ALMA'!$R:$R, 0)), "" ) | K21: =IFERROR( INDEX('SATIN ALMA'!$V:$V, MATCH($F21, 'SATIN ALMA'!$R:$R, 0)), "" ) | L21: =IFERROR( INDEX('SATIN ALMA'!$W:$W, MATCH($F21, 'SATIN ALMA'!$R:$R, 0)), "" )
J22: =IFERROR( INDEX('SATIN ALMA'!$T:$T, MATCH($F22, 'SATIN ALMA'!$R:$R, 0)), "" ) | K22: =IFERROR( INDEX('SATIN ALMA'!$V:$V, MATCH($F22, 'SATIN ALMA'!$R:$R, 0)), "" ) | L22: =IFERROR( INDEX('SATIN ALMA'!$W:$W, MATCH($F22, 'SATIN ALMA'!$R:$R, 0)), "" )
J23: =IFERROR( INDEX('SATIN ALMA'!$T:$T, MATCH($F23, 'SATIN ALMA'!$R:$R, 0)), "" ) | K23: =IFERROR( INDEX('SATIN ALMA'!$V:$V, MATCH($F23, 'SATIN ALMA'!$R:$R, 0)), "" ) | L23: =IFERROR( INDEX('SATIN ALMA'!$W:$W, MATCH($F23, 'SATIN ALMA'!$R:$R, 0)), "" )
J24: =IFERROR( INDEX('SATIN ALMA'!$T:$T, MATCH($F24, 'SATIN ALMA'!$R:$R, 0)), "" ) | K24: =IFERROR( INDEX('SATIN ALMA'!$V:$V, MATCH($F24, 'SATIN ALMA'!$R:$R, 0)), "" ) | L24: =IFERROR( INDEX('SATIN ALMA'!$W:$W, MATCH($F24, 'SATIN ALMA'!$R:$R, 0)), "" )
J25: =IFERROR( INDEX('SATIN ALMA'!$T:$T, MATCH($F25, 'SATIN ALMA'!$R:$R, 0)), "" ) | K25: =IFERROR( INDEX('SATIN ALMA'!$V:$V, MATCH($F25, 'SATIN ALMA'!$R:$R, 0)), "" ) | L25: =IFERROR( INDEX('SATIN ALMA'!$W:$W, MATCH($F25, 'SATIN ALMA'!$R:$R, 0)), "" )
J26: =IFERROR( INDEX('SATIN ALMA'!$T:$T, MATCH($F26, 'SATIN ALMA'!$R:$R, 0)), "" ) | K26: =IFERROR( INDEX('SATIN ALMA'!$V:$V, MATCH($F26, 'SATIN ALMA'!$R:$R, 0)), "" ) | L26: =IFERROR( INDEX('SATIN ALMA'!$W:$W, MATCH($F26, 'SATIN ALMA'!$R:$R, 0)), "" )
J27: =IFERROR( INDEX('SATIN ALMA'!$T:$T, MATCH($F27, 'SATIN ALMA'!$R:$R, 0)), "" ) | K27: =IFERROR( INDEX('SATIN ALMA'!$V:$V, MATCH($F27, 'SATIN ALMA'!$R:$R, 0)), "" ) | L27: =IFERROR( INDEX('SATIN ALMA'!$W:$W, MATCH($F27, 'SATIN ALMA'!$R:$R, 0)), "" )

Sheet HENDEK-3
A1: Satın Alma Bağlantısı | B1: Firma Adı | C1: Contract No | D1: Stok Kodu | E1: Stok Adı | F1: Mahsul Yılı | G1: Kg | H1: Konteyner No | I1: Antrepo No | J1: Tır No | K1: B/L No | L1: Ref. No | M1: Parti No
A2: =IFERROR(HYPERLINK("#"&ADDRESS(MATCH($H2,'SATIN ALMA'!$R:$R,0),COLUMN('SATIN ALMA'!$R:$R),1,1,"SATIN ALMA"),"Git →"),"Bulunamadı") -> Git → | B2: =IFERROR(INDEX('SATIN ALMA'!$F:$F, MATCH($H2, 'SATIN ALMA'!$R:$R, 0)),"Bulunamadı") -> LIEN VIET | C2: =IFERROR(INDEX('SATIN ALMA'!$W:$W, MATCH($H2, 'SATIN ALMA'!$R:$R, 0)),"Bulunamadı") -> HD29412-2 | D2: =IFERROR(INDEX('SATIN ALMA'!$C:$C, MATCH($H2, 'SATIN ALMA'!$R:$R, 0)),"Bulunamadı") -> H5130003 | E2: =IFERROR(INDEX('SATIN ALMA'!$D:$D, MATCH($H2, 'SATIN ALMA'!$R:$R, 0)),"Bulunamadı") -> HW.CASHEW NUT W320____________( 22.68 KG ) | F2: 2024 | G2: 3606.12 | H2: =IFERROR(INDEX('SATIN ALMA'!$R:$R, MATCH($J2, 'SATIN ALMA'!$X:$X, 0)),"Bulunamadı" ) -> MSBU4022649 | J2: 30 | K2: =IFERROR(INDEX('SATIN ALMA'!$T:$T, MATCH($H2, 'SATIN ALMA'!$R:$R, 0)),"Bulunamadı") -> MEDUHQ575332 | L2: =IFERROR(INDEX('SATIN ALMA'!$V:$V, MATCH($H2, 'SATIN ALMA'!$R:$R, 0)),"Bulunamadı") -> 25261-IT25154191 | M2: 481735
A3: =IFERROR(HYPERLINK("#"&ADDRESS(MATCH($H3,'SATIN ALMA'!$R:$R,0),COLUMN('SATIN ALMA'!$R:$R),1,1,"SATIN ALMA"),"Git →"),"Bulunamadı") -> Git → | B3: =IFERROR(INDEX('SATIN ALMA'!$F:$F, MATCH($H3, 'SATIN ALMA'!$R:$R, 0)),"Bulunamadı") -> LIEN VIET | C3: =IFERROR(INDEX('SATIN ALMA'!$W:$W, MATCH($H3, 'SATIN ALMA'!$R:$R, 0)),"Bulunamadı") -> HD29412-5 | D3: =IFERROR(INDEX('SATIN ALMA'!$C:$C, MATCH($H3, 'SATIN ALMA'!$R:$R, 0)),"Bulunamadı") -> H5130003 | E3: =IFERROR(INDEX('SATIN ALMA'!$D:$D, MATCH($H3, 'SATIN ALMA'!$R:$R, 0)),"Bulunamadı") -> HW.CASHEW NUT W320____________( 22.68 KG ) | F3: 2024 | G3: 24267.6 | H3: =IFERROR(INDEX('SATIN ALMA'!$R:$R, MATCH($J3, 'SATIN ALMA'!$X:$X, 0)),"Bulunamadı" ) -> GAOU7622115 | J3: 31 | K3: =IFERROR(INDEX('SATIN ALMA'!$T:$T, MATCH($H3, 'SATIN ALMA'!$R:$R, 0)),"Bulunamadı") -> MEDUHQ721324 | L3: =IFERROR(INDEX('SATIN ALMA'!$V:$V, MATCH($H3, 'SATIN ALMA'!$R:$R, 0)),"Bulunamadı") -> 25261-IT25154191 | M3: 495565
A4: =IFERROR(HYPERLINK("#"&ADDRESS(MATCH($H4,'SATIN ALMA'!$R:$R,0),COLUMN('SATIN ALMA'!$R:$R),1,1,"SATIN ALMA"),"Git →"),"Bulunamadı") -> Git → | B4: =IFERROR(INDEX('SATIN ALMA'!$F:$F, MATCH($H4, 'SATIN ALMA'!$R:$R, 0)),"Bulunamadı") -> LIEN VIET | C4: =IFERROR(INDEX('SATIN ALMA'!$W:$W, MATCH($H4, 'SATIN ALMA'!$R:$R, 0)),"Bulunamadı") -> HD29412-4 | D4: =IFERROR(INDEX('SATIN ALMA'!$C:$C, MATCH($H4, 'SATIN ALMA'!$R:$R, 0)),"Bulunamadı") -> H5130003 | E4: =IFERROR(INDEX('SATIN ALMA'!$D:$D, MATCH($H4, 'SATIN ALMA'!$R:$R, 0)),"Bulunamadı") -> HW.CASHEW NUT W320____________( 22.68 KG ) | F4: 2025 | G4: 24267.6 | H4: =IFERROR(INDEX('SATIN ALMA'!$R:$R, MATCH($J4, 'SATIN ALMA'!$X:$X, 0)),"Bulunamadı" ) -> TXGU7262063 | I4: =IFERROR(INDEX('SATIN ALMA'!$S:$S, MATCH($J4, 'SATIN ALMA'!$X:$X, 0)),"Bulunamadı" ) -> AN00039126 | J4: 32 | K4: =IFERROR(INDEX('SATIN ALMA'!$T:$T, MATCH($H4, 'SATIN ALMA'!$R:$R, 0)),"Bulunamadı") -> MEDUHQ721324 | L4: =IFERROR(INDEX('SATIN ALMA'!$V:$V, MATCH($H4, 'SATIN ALMA'!$R:$R, 0)),"Bulunamadı") -> 25261-IT25154191 | M4: =IFERROR(INDEX('GİRİŞ ANALİZİ'!$E:$E, MATCH($H4, 'GİRİŞ ANALİZİ'!$C:$C, 0)),"Bulunamadı") -> 0
A5: =IFERROR(HYPERLINK("#"&ADDRESS(MATCH($H5,'SATIN ALMA'!$R:$R,0),COLUMN('SATIN ALMA'!$R:$R),1,1,"SATIN ALMA"),"Git →"),"Bulunamadı") -> Git → | B5: =IFERROR(INDEX('SATIN ALMA'!$F:$F, MATCH($H5, 'SATIN ALMA'!$R:$R, 0)),"Bulunamadı") -> LIEN VIET | C5: =IFERROR(INDEX('SATIN ALMA'!$W:$W, MATCH($H5, 'SATIN ALMA'!$R:$R, 0)),"Bulunamadı") -> HD29412-6 | D5: =IFERROR(INDEX('SATIN ALMA'!$C:$C, MATCH($H5, 'SATIN ALMA'!$R:$R, 0)),"Bulunamadı") -> H5130003 | E5: =IFERROR(INDEX('SATIN ALMA'!$D:$D, MATCH($H5, 'SATIN ALMA'!$R:$R, 0)),"Bulunamadı") -> HW.CASHEW NUT W320____________( 22.68 KG ) | F5: 2025 | G5: 7938 | H5: =IFERROR(INDEX('SATIN ALMA'!$R:$R, MATCH($J5, 'SATIN ALMA'!$X:$X, 0)),"Bulunamadı" ) -> MSDU7330895 | I5: =IFERROR(INDEX('SATIN ALMA'!$S:$S, MATCH($J5, 'SATIN ALMA'!$X:$X, 0)),"Bulunamadı" ) -> AN0003984 | J5: 34 | K5: =IFERROR(INDEX('SATIN ALMA'!$T:$T, MATCH($H5, 'SATIN ALMA'!$R:$R, 0)),"Bulunamadı") -> MEDUHQ769349 | L5: =IFERROR(INDEX('SATIN ALMA'!$V:$V, MATCH($H5, 'SATIN ALMA'!$R:$R, 0)),"Bulunamadı") -> 25261-IT25154191 | M5: =IFERROR(INDEX('GİRİŞ ANALİZİ'!$E:$E, MATCH($H5, 'GİRİŞ ANALİZİ'!$C:$C, 0)),"Bulunamadı") -> 508410
A6: =IFERROR(HYPERLINK("#"&ADDRESS(MATCH($H6,'SATIN ALMA'!$R:$R,0),COLUMN('SATIN ALMA'!$R:$R),1,1,"SATIN ALMA"),"Git →"),"Bulunamadı") -> Git → | B6: =IFERROR(INDEX('SATIN ALMA'!$F:$F, MATCH($H6, 'SATIN ALMA'!$R:$R, 0)),"Bulunamadı") -> NGAN NGOC | C6: =IFERROR(INDEX('SATIN ALMA'!$W:$W, MATCH($H6, 'SATIN ALMA'!$R:$R, 0)),"Bulunamadı") -> HD46212-1 | D6: =IFERROR(INDEX('SATIN ALMA'!$C:$C, MATCH($H6, 'SATIN ALMA'!$R:$R, 0)),"Bulunamadı") -> H5130003 | E6: =IFERROR(INDEX('SATIN ALMA'!$D:$D, MATCH($H6, 'SATIN ALMA'!$R:$R, 0)),"Bulunamadı") -> HW.CASHEW NUT W320____________( 22.68 KG ) | F6: 2024 | G6: 24267.6 | H6: =IFERROR(INDEX('SATIN ALMA'!$R:$R, MATCH($J6, 'SATIN ALMA'!$X:$X, 0)),"Bulunamadı" ) -> MSDU4075939 | J6: 35 | K6: =IFERROR(INDEX('SATIN ALMA'!$T:$T, MATCH($H6, 'SATIN ALMA'!$R:$R, 0)),"Bulunamadı") -> MEDUHQ833079 | L6: =IFERROR(INDEX('SATIN ALMA'!$V:$V, MATCH($H6, 'SATIN ALMA'!$R:$R, 0)),"Bulunamadı") -> 26001-IT26154001 | M6: 493152
A7: =IFERROR(HYPERLINK("#"&ADDRESS(MATCH($H7,'SATIN ALMA'!$R:$R,0),COLUMN('SATIN ALMA'!$R:$R),1,1,"SATIN ALMA"),"Git →"),"Bulunamadı") -> Bulunamadı | B7: =IFERROR(INDEX('SATIN ALMA'!$F:$F, MATCH($H7, 'SATIN ALMA'!$R:$R, 0)),"Bulunamadı") -> Bulunamadı | C7: =IFERROR(INDEX('SATIN ALMA'!$W:$W, MATCH($H7, 'SATIN ALMA'!$R:$R, 0)),"Bulunamadı") -> Bulunamadı | D7: =IFERROR(INDEX('SATIN ALMA'!$C:$C, MATCH($H7, 'SATIN ALMA'!$R:$R, 0)),"Bulunamadı") -> Bulunamadı | E7: =IFERROR(INDEX('SATIN ALMA'!$D:$D, MATCH($H7, 'SATIN ALMA'!$R:$R, 0)),"Bulunamadı") -> Bulunamadı | F7: 2025 | H7: =IFERROR(INDEX('SATIN ALMA'!$R:$R, MATCH($J7, 'SATIN ALMA'!$X:$X, 0)),"Bulunamadı" ) -> Bulunamadı | I7: =IFERROR(INDEX('SATIN ALMA'!$S:$S, MATCH($J7, 'SATIN ALMA'!$X:$X, 0)),"Bulunamadı" ) -> Bulunamadı | K7: =IFERROR(INDEX('SATIN ALMA'!$T:$T, MATCH($H7, 'SATIN ALMA'!$R:$R, 0)),"Bulunamadı") -> Bulunamadı | L7: =IFERROR(INDEX('SATIN ALMA'!$V:$V, MATCH($H7, 'SATIN ALMA'!$R:$R, 0)),"Bulunamadı") -> Bulunamadı | M7: =IFERROR(INDEX('GİRİŞ ANALİZİ'!$E:$E, MATCH($H7, 'GİRİŞ ANALİZİ'!$C:$C, 0)),"Bulunamadı") -> Bulunamadı
A8: =IFERROR(HYPERLINK("#"&ADDRESS(MATCH($H8,'SATIN ALMA'!$R:$R,0),COLUMN('SATIN ALMA'!$R:$R),1,1,"SATIN ALMA"),"Git →"),"Bulunamadı") -> Bulunamadı | B8: =IFERROR(INDEX('SATIN ALMA'!$F:$F, MATCH($H8, 'SATIN ALMA'!$R:$R, 0)),"Bulunamadı") -> Bulunamadı | C8: =IFERROR(INDEX('SATIN ALMA'!$W:$W, MATCH($H8, 'SATIN ALMA'!$R:$R, 0)),"Bulunamadı") -> Bulunamadı | D8: =IFERROR(INDEX('SATIN ALMA'!$C:$C, MATCH($H8, 'SATIN ALMA'!$R:$R, 0)),"Bulunamadı") -> Bulunamadı | E8: =IFERROR(INDEX('SATIN ALMA'!$D:$D, MATCH($H8, 'SATIN ALMA'!$R:$R, 0)),"Bulunamadı") -> Bulunamadı | F8: 2025 | H8: =IFERROR(INDEX('SATIN ALMA'!$R:$R, MATCH($J8, 'SATIN ALMA'!$X:$X, 0)),"Bulunamadı" ) -> Bulunamadı | I8: =IFERROR(INDEX('SATIN ALMA'!$S:$S, MATCH($J8, 'SATIN ALMA'!$X:$X, 0)),"Bulunamadı" ) -> Bulunamadı | K8: =IFERROR(INDEX('SATIN ALMA'!$T:$T, MATCH($H8, 'SATIN ALMA'!$R:$R, 0)),"Bulunamadı") -> Bulunamadı | L8: =IFERROR(INDEX('SATIN ALMA'!$V:$V, MATCH($H8, 'SATIN ALMA'!$R:$R, 0)),"Bulunamadı") -> Bulunamadı | M8: =IFERROR(INDEX('GİRİŞ ANALİZİ'!$E:$E, MATCH($H8, 'GİRİŞ ANALİZİ'!$C:$C, 0)),"Bulunamadı") -> Bulunamadı
A9: =IFERROR(HYPERLINK("#"&ADDRESS(MATCH($H9,'SATIN ALMA'!$R:$R,0),COLUMN('SATIN ALMA'!$R:$R),1,1,"SATIN ALMA"),"Git →"),"Bulunamadı") -> Bulunamadı | B9: =IFERROR(INDEX('SATIN ALMA'!$F:$F, MATCH($H9, 'SATIN ALMA'!$R:$R, 0)),"Bulunamadı") -> Bulunamadı | C9: =IFERROR(INDEX('SATIN ALMA'!$W:$W, MATCH($H9, 'SATIN ALMA'!$R:$R, 0)),"Bulunamadı") -> Bulunamadı | D9: =IFERROR(INDEX('SATIN ALMA'!$C:$C, MATCH($H9, 'SATIN ALMA'!$R:$R, 0)),"Bulunamadı") -> Bulunamadı | E9: =IFERROR(INDEX('SATIN ALMA'!$D:$D, MATCH($H9, 'SATIN ALMA'!$R:$R, 0)),"Bulunamadı") -> Bulunamadı | F9: 2025 | H9: =IFERROR(INDEX('SATIN ALMA'!$R:$R, MATCH($J9, 'SATIN ALMA'!$X:$X, 0)),"Bulunamadı" ) -> Bulunamadı | I9: =IFERROR(INDEX('SATIN ALMA'!$S:$S, MATCH($J9, 'SATIN ALMA'!$X:$X, 0)),"Bulunamadı" ) -> Bulunamadı | K9: =IFERROR(INDEX('SATIN ALMA'!$T:$T, MATCH($H9, 'SATIN ALMA'!$R:$R, 0)),"Bulunamadı") -> Bulunamadı | L9: =IFERROR(INDEX('SATIN ALMA'!$V:$V, MATCH($H9, 'SATIN ALMA'!$R:$R, 0)),"Bulunamadı") -> Bulunamadı | M9: =IFERROR(INDEX('GİRİŞ ANALİZİ'!$E:$E, MATCH($H9, 'GİRİŞ ANALİZİ'!$C:$C, 0)),"Bulunamadı") -> Bulunamadı
A10: =IFERROR(HYPERLINK("#"&ADDRESS(MATCH($H10,'SATIN ALMA'!$R:$R,0),COLUMN('SATIN ALMA'!$R:$R),1,1,"SATIN ALMA"),"Git →"),"Bulunamadı") -> Bulunamadı | B10: =IFERROR(INDEX('SATIN ALMA'!$F:$F, MATCH($H10, 'SATIN ALMA'!$R:$R, 0)),"Bulunamadı") -> Bulunamadı | C10: =IFERROR(INDEX('SATIN ALMA'!$W:$W, MATCH($H10, 'SATIN ALMA'!$R:$R, 0)),"Bulunamadı") -> Bulunamadı | D10: =IFERROR(INDEX('SATIN ALMA'!$C:$C, MATCH($H10, 'SATIN ALMA'!$R:$R, 0)),"Bulunamadı") -> Bulunamadı | E10: =IFERROR(INDEX('SATIN ALMA'!$D:$D, MATCH($H10, 'SATIN ALMA'!$R:$R, 0)),"Bulunamadı") -> Bulunamadı | F10: 2025 | H10: =IFERROR(INDEX('SATIN ALMA'!$R:$R, MATCH($J10, 'SATIN ALMA'!$X:$X, 0)),"Bulunamadı" ) -> Bulunamadı | I10: =IFERROR(INDEX('SATIN ALMA'!$S:$S, MATCH($J10, 'SATIN ALMA'!$X:$X, 0)),"Bulunamadı" ) -> Bulunamadı | K10: =IFERROR(INDEX('SATIN ALMA'!$T:$T, MATCH($H10, 'SATIN ALMA'!$R:$R, 0)),"Bulunamadı") -> Bulunamadı | L10: =IFERROR(INDEX('SATIN ALMA'!$V:$V, MATCH($H10, 'SATIN ALMA'!$R:$R, 0)),"Bulunamadı") -> Bulunamadı | M10: =IFERROR(INDEX('GİRİŞ ANALİZİ'!$E:$E, MATCH($H10, 'GİRİŞ ANALİZİ'!$C:$C, 0)),"Bulunamadı") -> Bulunamadı
A11: =IFERROR(HYPERLINK("#"&ADDRESS(MATCH($H11,'SATIN ALMA'!$R:$R,0),COLUMN('SATIN ALMA'!$R:$R),1,1,"SATIN ALMA"),"Git →"),"Bulunamadı") -> Bulunamadı | B11: =IFERROR(INDEX('SATIN ALMA'!$F:$F, MATCH($H11, 'SATIN ALMA'!$R:$R, 0)),"Bulunamadı") -> Bulunamadı | C11: =IFERROR(INDEX('SATIN ALMA'!$W:$W, MATCH($H11, 'SATIN ALMA'!$R:$R, 0)),"Bulunamadı") -> Bulunamadı | D11: =IFERROR(INDEX('SATIN ALMA'!$C:$C, MATCH($H11, 'SATIN ALMA'!$R:$R, 0)),"Bulunamadı") -> Bulunamadı | E11: =IFERROR(INDEX('SATIN ALMA'!$D:$D, MATCH($H11, 'SATIN ALMA'!$R:$R, 0)),"Bulunamadı") -> Bulunamadı | F11: 2025 | H11: =IFERROR(INDEX('SATIN ALMA'!$R:$R, MATCH($J11, 'SATIN ALMA'!$X:$X, 0)),"Bulunamadı" ) -> Bulunamadı | I11: =IFERROR(INDEX('SATIN ALMA'!$S:$S, MATCH($J11, 'SATIN ALMA'!$X:$X, 0)),"Bulunamadı" ) -> Bulunamadı | K11: =IFERROR(INDEX('SATIN ALMA'!$T:$T, MATCH($H11, 'SATIN ALMA'!$R:$R, 0)),"Bulunamadı") -> Bulunamadı | L11: =IFERROR(INDEX('SATIN ALMA'!$V:$V, MATCH($H11, 'SATIN ALMA'!$R:$R, 0)),"Bulunamadı") -> Bulunamadı | M11: =IFERROR(INDEX('GİRİŞ ANALİZİ'!$E:$E, MATCH($H11, 'GİRİŞ ANALİZİ'!$C:$C, 0)),"Bulunamadı") -> Bulunamadı
A12: =IFERROR(HYPERLINK("#"&ADDRESS(MATCH($H12,'SATIN ALMA'!$R:$R,0),COLUMN('SATIN ALMA'!$R:$R),1,1,"SATIN ALMA"),"Git →"),"Bulunamadı") -> Bulunamadı | B12: =IFERROR(INDEX('SATIN ALMA'!$F:$F, MATCH($H12, 'SATIN ALMA'!$R:$R, 0)),"Bulunamadı") -> Bulunamadı | C12: =IFERROR(INDEX('SATIN ALMA'!$W:$W, MATCH($H12, 'SATIN ALMA'!$R:$R, 0)),"Bulunamadı") -> Bulunamadı | D12: =IFERROR(INDEX('SATIN ALMA'!$C:$C, MATCH($H12, 'SATIN ALMA'!$R:$R, 0)),"Bulunamadı") -> Bulunamadı | E12: =IFERROR(INDEX('SATIN ALMA'!$D:$D, MATCH($H12, 'SATIN ALMA'!$R:$R, 0)),"Bulunamadı") -> Bulunamadı | F12: 2025 | H12: =IFERROR(INDEX('SATIN ALMA'!$R:$R, MATCH($J12, 'SATIN ALMA'!$X:$X, 0)),"Bulunamadı" ) -> Bulunamadı | I12: =IFERROR(INDEX('SATIN ALMA'!$S:$S, MATCH($J12, 'SATIN ALMA'!$X:$X, 0)),"Bulunamadı" ) -> Bulunamadı | K12: =IFERROR(INDEX('SATIN ALMA'!$T:$T, MATCH($H12, 'SATIN ALMA'!$R:$R, 0)),"Bulunamadı") -> Bulunamadı | L12: =IFERROR(INDEX('SATIN ALMA'!$V:$V, MATCH($H12, 'SATIN ALMA'!$R:$R, 0)),"Bulunamadı") -> Bulunamadı | M12: =IFERROR(INDEX('GİRİŞ ANALİZİ'!$E:$E, MATCH($H12, 'GİRİŞ ANALİZİ'!$C:$C, 0)),"Bulunamadı") -> Bulunamadı
A13: =IFERROR(HYPERLINK("#"&ADDRESS(MATCH($H13,'SATIN ALMA'!$R:$R,0),COLUMN('SATIN ALMA'!$R:$R),1,1,"SATIN ALMA"),"Git →"),"Bulunamadı") -> Bulunamadı | B13: =IFERROR(INDEX('SATIN ALMA'!$F:$F, MATCH($H13, 'SATIN ALMA'!$R:$R, 0)),"Bulunamadı") -> Bulunamadı | C13: =IFERROR(INDEX('SATIN ALMA'!$W:$W, MATCH($H13, 'SATIN ALMA'!$R:$R, 0)),"Bulunamadı") -> Bulunamadı | D13: =IFERROR(INDEX('SATIN ALMA'!$C:$C, MATCH($H13, 'SATIN ALMA'!$R:$R, 0)),"Bulunamadı") -> Bulunamadı | E13: =IFERROR(INDEX('SATIN ALMA'!$D:$D, MATCH($H13, 'SATIN ALMA'!$R:$R, 0)),"Bulunamadı") -> Bulunamadı | F13: 2025 | H13: =IFERROR(INDEX('SATIN ALMA'!$R:$R, MATCH($J13, 'SATIN ALMA'!$X:$X, 0)),"Bulunamadı" ) -> Bulunamadı | I13: =IFERROR(INDEX('SATIN ALMA'!$S:$S, MATCH($J13, 'SATIN ALMA'!$X:$X, 0)),"Bulunamadı" ) -> Bulunamadı | K13: =IFERROR(INDEX('SATIN ALMA'!$T:$T, MATCH($H13, 'SATIN ALMA'!$R:$R, 0)),"Bulunamadı") -> Bulunamadı | L13: =IFERROR(INDEX('SATIN ALMA'!$V:$V, MATCH($H13, 'SATIN ALMA'!$R:$R, 0)),"Bulunamadı") -> Bulunamadı | M13: =IFERROR(INDEX('GİRİŞ ANALİZİ'!$E:$E, MATCH($H13, 'GİRİŞ ANALİZİ'!$C:$C, 0)),"Bulunamadı") -> Bulunamadı
A14: =IFERROR(HYPERLINK("#"&ADDRESS(MATCH($H14,'SATIN ALMA'!$R:$R,0),COLUMN('SATIN ALMA'!$R:$R),1,1,"SATIN ALMA"),"Git →"),"Bulunamadı") -> Bulunamadı | B14: =IFERROR(INDEX('SATIN ALMA'!$F:$F, MATCH($H14, 'SATIN ALMA'!$R:$R, 0)),"Bulunamadı") -> Bulunamadı | C14: =IFERROR(INDEX('SATIN ALMA'!$W:$W, MATCH($H14, 'SATIN ALMA'!$R:$R, 0)),"Bulunamadı") -> Bulunamadı | D14: =IFERROR(INDEX('SATIN ALMA'!$C:$C, MATCH($H14, 'SATIN ALMA'!$R:$R, 0)),"Bulunamadı") -> Bulunamadı | E14: =IFERROR(INDEX('SATIN ALMA'!$D:$D, MATCH($H14, 'SATIN ALMA'!$R:$R, 0)),"Bulunamadı") -> Bulunamadı | F14: 2025 | H14: =IFERROR(INDEX('SATIN ALMA'!$R:$R, MATCH($J14, 'SATIN ALMA'!$X:$X, 0)),"Bulunamadı" ) -> Bulunamadı | I14: =IFERROR(INDEX('SATIN ALMA'!$S:$S, MATCH($J14, 'SATIN ALMA'!$X:$X, 0)),"Bulunamadı" ) -> Bulunamadı | K14: =IFERROR(INDEX('SATIN ALMA'!$T:$T, MATCH($H14, 'SATIN ALMA'!$R:$R, 0)),"Bulunamadı") -> Bulunamadı | L14: =IFERROR(INDEX('SATIN ALMA'!$V:$V, MATCH($H14, 'SATIN ALMA'!$R:$R, 0)),"Bulunamadı") -> Bulunamadı | M14: =IFERROR(INDEX('GİRİŞ ANALİZİ'!$E:$E, MATCH($H14, 'GİRİŞ ANALİZİ'!$C:$C, 0)),"Bulunamadı") -> Bulunamadı
A15: =IFERROR(HYPERLINK("#"&ADDRESS(MATCH($H15,'SATIN ALMA'!$R:$R,0),COLUMN('SATIN ALMA'!$R:$R),1,1,"SATIN ALMA"),"Git →"),"Bulunamadı") -> Bulunamadı | B15: =IFERROR(INDEX('SATIN ALMA'!$F:$F, MATCH($H15, 'SATIN ALMA'!$R:$R, 0)),"Bulunamadı") -> Bulunamadı | C15: =IFERROR(INDEX('SATIN ALMA'!$W:$W, MATCH($H15, 'SATIN ALMA'!$R:$R, 0)),"Bulunamadı") -> Bulunamadı | D15: =IFERROR(INDEX('SATIN ALMA'!$C:$C, MATCH($H15, 'SATIN ALMA'!$R:$R, 0)),"Bulunamadı") -> Bulunamadı | E15: =IFERROR(INDEX('SATIN ALMA'!$D:$D, MATCH($H15, 'SATIN ALMA'!$R:$R, 0)),"Bulunamadı") -> Bulunamadı | F15: 2025 | H15: =IFERROR(INDEX('SATIN ALMA'!$R:$R, MATCH($J15, 'SATIN ALMA'!$X:$X, 0)),"Bulunamadı" ) -> Bulunamadı | I15: =IFERROR(INDEX('SATIN ALMA'!$S:$S, MATCH($J15, 'SATIN ALMA'!$X:$X, 0)),"Bulunamadı" ) -> Bulunamadı | K15: =IFERROR(INDEX('SATIN ALMA'!$T:$T, MATCH($H15, 'SATIN ALMA'!$R:$R, 0)),"Bulunamadı") -> Bulunamadı | L15: =IFERROR(INDEX('SATIN ALMA'!$V:$V, MATCH($H15, 'SATIN ALMA'!$R:$R, 0)),"Bulunamadı") -> Bulunamadı | M15: =IFERROR(INDEX('GİRİŞ ANALİZİ'!$E:$E, MATCH($H15, 'GİRİŞ ANALİZİ'!$C:$C, 0)),"Bulunamadı") -> Bulunamadı
A16: =IFERROR(HYPERLINK("#"&ADDRESS(MATCH($H16,'SATIN ALMA'!$R:$R,0),COLUMN('SATIN ALMA'!$R:$R),1,1,"SATIN ALMA"),"Git →"),"Bulunamadı") -> Bulunamadı | B16: =IFERROR(INDEX('SATIN ALMA'!$F:$F, MATCH($H16, 'SATIN ALMA'!$R:$R, 0)),"Bulunamadı") -> Bulunamadı | C16: =IFERROR(INDEX('SATIN ALMA'!$W:$W, MATCH($H16, 'SATIN ALMA'!$R:$R, 0)),"Bulunamadı") -> Bulunamadı | D16: =IFERROR(INDEX('SATIN ALMA'!$C:$C, MATCH($H16, 'SATIN ALMA'!$R:$R, 0)),"Bulunamadı") -> Bulunamadı | E16: =IFERROR(INDEX('SATIN ALMA'!$D:$D, MATCH($H16, 'SATIN ALMA'!$R:$R, 0)),"Bulunamadı") -> Bulunamadı | F16: 2025 | H16: =IFERROR(INDEX('SATIN ALMA'!$R:$R, MATCH($J16, 'SATIN ALMA'!$X:$X, 0)),"Bulunamadı" ) -> Bulunamadı | I16: =IFERROR(INDEX('SATIN ALMA'!$S:$S, MATCH($J16, 'SATIN ALMA'!$X:$X, 0)),"Bulunamadı" ) -> Bulunamadı | K16: =IFERROR(INDEX('SATIN ALMA'!$T:$T, MATCH($H16, 'SATIN ALMA'!$R:$R, 0)),"Bulunamadı") -> Bulunamadı | L16: =IFERROR(INDEX('SATIN ALMA'!$V:$V, MATCH($H16, 'SATIN ALMA'!$R:$R, 0)),"Bulunamadı") -> Bulunamadı | M16: =IFERROR(INDEX('GİRİŞ ANALİZİ'!$E:$E, MATCH($H16, 'GİRİŞ ANALİZİ'!$C:$C, 0)),"Bulunamadı") -> Bulunamadı
A17: =IFERROR(HYPERLINK("#"&ADDRESS(MATCH($H17,'SATIN ALMA'!$R:$R,0),COLUMN('SATIN ALMA'!$R:$R),1,1,"SATIN ALMA"),"Git →"),"Bulunamadı") -> Bulunamadı | B17: =IFERROR(INDEX('SATIN ALMA'!$F:$F, MATCH($H17, 'SATIN ALMA'!$R:$R, 0)),"Bulunamadı") -> Bulunamadı | C17: =IFERROR(INDEX('SATIN ALMA'!$W:$W, MATCH($H17, 'SATIN ALMA'!$R:$R, 0)),"Bulunamadı") -> Bulunamadı | D17: =IFERROR(INDEX('SATIN ALMA'!$C:$C, MATCH($H17, 'SATIN ALMA'!$R:$R, 0)),"Bulunamadı") -> Bulunamadı | E17: =IFERROR(INDEX('SATIN ALMA'!$D:$D, MATCH($H17, 'SATIN ALMA'!$R:$R, 0)),"Bulunamadı") -> Bulunamadı | F17: 2025 | H17: =IFERROR(INDEX('SATIN ALMA'!$R:$R, MATCH($J17, 'SATIN ALMA'!$X:$X, 0)),"Bulunamadı" ) -> Bulunamadı | I17: =IFERROR(INDEX('SATIN ALMA'!$S:$S, MATCH($J17, 'SATIN ALMA'!$X:$X, 0)),"Bulunamadı" ) -> Bulunamadı | K17: =IFERROR(INDEX('SATIN ALMA'!$T:$T, MATCH($H17, 'SATIN ALMA'!$R:$R, 0)),"Bulunamadı") -> Bulunamadı | L17: =IFERROR(INDEX('SATIN ALMA'!$V:$V, MATCH($H17, 'SATIN ALMA'!$R:$R, 0)),"Bulunamadı") -> Bulunamadı | M17: =IFERROR(INDEX('GİRİŞ ANALİZİ'!$E:$E, MATCH($H17, 'GİRİŞ ANALİZİ'!$C:$C, 0)),"Bulunamadı") -> Bulunamadı
A18: =IFERROR(HYPERLINK("#"&ADDRESS(MATCH($H18,'SATIN ALMA'!$R:$R,0),COLUMN('SATIN ALMA'!$R:$R),1,1,"SATIN ALMA"),"Git →"),"Bulunamadı") -> Bulunamadı | B18: =IFERROR(INDEX('SATIN ALMA'!$F:$F, MATCH($H18, 'SATIN ALMA'!$R:$R, 0)),"Bulunamadı") -> Bulunamadı | C18: =IFERROR(INDEX('SATIN ALMA'!$W:$W, MATCH($H18, 'SATIN ALMA'!$R:$R, 0)),"Bulunamadı") -> Bulunamadı | D18: =IFERROR(INDEX('SATIN ALMA'!$C:$C, MATCH($H18, 'SATIN ALMA'!$R:$R, 0)),"Bulunamadı") -> Bulunamadı | E18: =IFERROR(INDEX('SATIN ALMA'!$D:$D, MATCH($H18, 'SATIN ALMA'!$R:$R, 0)),"Bulunamadı") -> Bulunamadı | F18: 2025 | H18: =IFERROR(INDEX('SATIN ALMA'!$R:$R, MATCH($J18, 'SATIN ALMA'!$X:$X, 0)),"Bulunamadı" ) -> Bulunamadı | I18: =IFERROR(INDEX('SATIN ALMA'!$S:$S, MATCH($J18, 'SATIN ALMA'!$X:$X, 0)),"Bulunamadı" ) -> Bulunamadı | K18: =IFERROR(INDEX('SATIN ALMA'!$T:$T, MATCH($H18, 'SATIN ALMA'!$R:$R, 0)),"Bulunamadı") -> Bulunamadı | L18: =IFERROR(INDEX('SATIN ALMA'!$V:$V, MATCH($H18, 'SATIN ALMA'!$R:$R, 0)),"Bulunamadı") -> Bulunamadı | M18: =IFERROR(INDEX('GİRİŞ ANALİZİ'!$E:$E, MATCH($H18, 'GİRİŞ ANALİZİ'!$C:$C, 0)),"Bulunamadı") -> Bulunamadı
... A27: =IFERROR(HYPERLINK("#"&ADDRESS(MATCH($H27,'SATIN ALMA'!$R:$R,0),COLUMN('SATIN ALMA'!$R:$R),1,1,"SATIN ALMA"),"Git →"),"Bulunamadı") -> Bulunamadı | B27: =IFERROR(INDEX('SATIN ALMA'!$F:$F, MATCH($H27, 'SATIN ALMA'!$R:$R, 0)),"Bulunamadı") -> Bulunamadı | C27: =IFERROR(INDEX('SATIN ALMA'!$W:$W, MATCH($H27, 'SATIN ALMA'!$R:$R, 0)),"Bulunamadı") -> Bulunamadı | D27: =IFERROR(INDEX('SATIN ALMA'!$C:$C, MATCH($H27, 'SATIN ALMA'!$R:$R, 0)),"Bulunamadı") -> Bulunamadı | E27: =IFERROR(INDEX('SATIN ALMA'!$D:$D, MATCH($H27, 'SATIN ALMA'!$R:$R, 0)),"Bulunamadı") -> Bulunamadı | F27: 2025 | H27: =IFERROR(INDEX('SATIN ALMA'!$R:$R, MATCH($J27, 'SATIN ALMA'!$X:$X, 0)),"Bulunamadı" ) -> Bulunamadı | I27: =IFERROR(INDEX('SATIN ALMA'!$S:$S, MATCH($J27, 'SATIN ALMA'!$X:$X, 0)),"Bulunamadı" ) -> Bulunamadı | K27: =IFERROR(INDEX('SATIN ALMA'!$T:$T, MATCH($H27, 'SATIN ALMA'!$R:$R, 0)),"Bulunamadı") -> Bulunamadı | L27: =IFERROR(INDEX('SATIN ALMA'!$V:$V, MATCH($H27, 'SATIN ALMA'!$R:$R, 0)),"Bulunamadı") -> Bulunamadı | M27: =IFERROR(INDEX('GİRİŞ ANALİZİ'!$E:$E, MATCH($H27, 'GİRİŞ ANALİZİ'!$C:$C, 0)),"Bulunamadı") -> Bulunamadı

Sheet ÜRETİM
A1: Satın Alma Bağlantısı | B1: Giriş Analizi Bağlantısı | C1: Contract No | D1: Firma Adı | E1: Giriş Stok Kodu | F1: Giriş Stok Adı | G1: Giriş Lot No | H1: Giriş Kg | I1: Tır No | K1: Çıkış Stok Kodu | L1: Çıkış Stok Adı | M1: Çıkış Lot No. | N1: Çıkış Analizi | O1: Çıkış Miktar
A2: =IFERROR(HYPERLINK("#"&ADDRESS(MATCH($C2,'SATIN ALMA'!$W:$W,0),COLUMN('SATIN ALMA'!$W:$W),1,1,"SATIN ALMA"),"Git →"),"Bulunamadı") -> Git → | B2: =IFERROR(HYPERLINK("#"&ADDRESS(MATCH($C2,'GİRİŞ ANALİZİ'!$B:$B,0),COLUMN('GİRİŞ ANALİZİ'!$B:$B),1,1,"GİRİŞ ANALİZİ"),"Git →"),"Bulunamadı") -> Git → | C2: =IFERROR(INDEX('SATIN ALMA'!$W:$W, MATCH($I2, 'SATIN ALMA'!$X:$X, 0)),"Bulunamadı") -> HD20912-3 | D2: =IFERROR(INDEX('SATIN ALMA'!$F:$F, MATCH($I2, 'SATIN ALMA'!$X:$X, 0)),"Bulunamadı") -> LIEN VIET | E2: =IFERROR(INDEX('SATIN ALMA'!$C:$C, MATCH($I2, 'SATIN ALMA'!$X:$X, 0)),"Bulunamadı" ) -> H5130003 | F2: =IFERROR(INDEX('SATIN ALMA'!$D:$D, MATCH($I2, 'SATIN ALMA'!$X:$X, 0)),"Bulunamadı" ) -> HW.CASHEW NUT W320____________( 22.68 KG ) | G2: =IFERROR(INDEX('GİRİŞ ANALİZİ'!$E:$E, MATCH($I2,'GİRİŞ ANALİZİ'!$D:$D, 0)),"Bulunamadı") -> 498287 | H2: 5649 | I2: 22 | K2: =IF(ÜRETİM!L2="W.CASHEW NUT W320 KAV.(SEMBOL)","05130004",IF(ÜRETİM!L2="W.CASHEW NUT W240 KAV.(STAR)","05130002",IF(ÜRETİM!L2="W.CASHEW NUT W320 KAVR (BUNGEE)","05130045",""))) -> 05130004 | L2: W.CASHEW NUT W320 KAV.(SEMBOL) | M2: 503442 | N2: =IFERROR(HYPERLINK("#"&ADDRESS(MATCH($M2,'ÇIKIŞ ANALİZİ'!$B:$B,0),COLUMN('ÇIKIŞ ANALİZİ'!$B:$B),1,1,"ÇIKIŞ ANALİZİ"),"Git →"),"Bulunamadı") -> Git → | O2: 11298
A3: =IFERROR(HYPERLINK("#"&ADDRESS(MATCH($C3,'SATIN ALMA'!$W:$W,0),COLUMN('SATIN ALMA'!$W:$W),1,1,"SATIN ALMA"),"Git →"),"Bulunamadı") -> Git → | B3: =IFERROR(HYPERLINK("#"&ADDRESS(MATCH($C3,'GİRİŞ ANALİZİ'!$B:$B,0),COLUMN('GİRİŞ ANALİZİ'!$B:$B),1,1,"GİRİŞ ANALİZİ"),"Git →"),"Bulunamadı") -> Git → | C3: =IFERROR(INDEX('SATIN ALMA'!$W:$W, MATCH($I3, 'SATIN ALMA'!$X:$X, 0)),"Bulunamadı") -> HD29312-3 | D3: =IFERROR(INDEX('SATIN ALMA'!$F:$F, MATCH($I3, 'SATIN ALMA'!$X:$X, 0)),"Bulunamadı") -> LIEN VIET | E3: =IFERROR(INDEX('SATIN ALMA'!$C:$C, MATCH($I3, 'SATIN ALMA'!$X:$X, 0)),"Bulunamadı" ) -> H5130003 | F3: =IFERROR(INDEX('SATIN ALMA'!$D:$D, MATCH($I3, 'SATIN ALMA'!$X:$X, 0)),"Bulunamadı" ) -> HW.CASHEW NUT W320____________( 22.68 KG ) | G3: =IFERROR(INDEX('GİRİŞ ANALİZİ'!$E:$E, MATCH($I3,'GİRİŞ ANALİZİ'!$D:$D, 0)),"Bulunamadı") -> 499804 | H3: 5649 | I3: 25
A4: =IFERROR(HYPERLINK("#"&ADDRESS(MATCH($C4,'SATIN ALMA'!$W:$W,0),COLUMN('SATIN ALMA'!$W:$W),1,1,"SATIN ALMA"),"Git →"),"Bulunamadı") -> Git → | B4: =IFERROR(HYPERLINK("#"&ADDRESS(MATCH($C4,'GİRİŞ ANALİZİ'!$B:$B,0),COLUMN('GİRİŞ ANALİZİ'!$B:$B),1,1,"GİRİŞ ANALİZİ"),"Git →"),"Bulunamadı") -> Git → | C4: =IFERROR(INDEX('SATIN ALMA'!$W:$W, MATCH($I4, 'SATIN ALMA'!$X:$X, 0)),"Bulunamadı") -> HD20912-3 | D4: =IFERROR(INDEX('SATIN ALMA'!$F:$F, MATCH($I4, 'SATIN ALMA'!$X:$X, 0)),"Bulunamadı") -> LIEN VIET | E4: =IFERROR(INDEX('SATIN ALMA'!$C:$C, MATCH($I4, 'SATIN ALMA'!$X:$X, 0)),"Bulunamadı" ) -> H5130003 | F4: =IFERROR(INDEX('SATIN ALMA'!$D:$D, MATCH($I4, 'SATIN ALMA'!$X:$X, 0)),"Bulunamadı" ) -> HW.CASHEW NUT W320____________( 22.68 KG ) | G4: =IFERROR(INDEX('GİRİŞ ANALİZİ'!$E:$E, MATCH($I4,'GİRİŞ ANALİZİ'!$D:$D, 0)),"Bulunamadı") -> 498287 | I4: 22 | K4: =IF(ÜRETİM!L4="W.CASHEW NUT W320 KAV.(SEMBOL)","05130004",IF(ÜRETİM!L4="W.CASHEW NUT W240 KAV.(STAR)","05130002",IF(ÜRETİM!L4="W.CASHEW NUT W320 KAVR (BUNGEE)","05130045",""))) -> 05130004 | L4: W.CASHEW NUT W320 KAV.(SEMBOL) | M4: 503992 | N4: =IFERROR(HYPERLINK("#"&ADDRESS(MATCH($M4,'ÇIKIŞ ANALİZİ'!$B:$B,0),COLUMN('ÇIKIŞ ANALİZİ'!$B:$B),1,1,"ÇIKIŞ ANALİZİ"),"Git →"),"Bulunamadı") -> Git →
A5: =IFERROR(HYPERLINK("#"&ADDRESS(MATCH($C5,'SATIN ALMA'!$W:$W,0),COLUMN('SATIN ALMA'!$W:$W),1,1,"SATIN ALMA"),"Git →"),"Bulunamadı") -> Git → | B5: =IFERROR(HYPERLINK("#"&ADDRESS(MATCH($C5,'GİRİŞ ANALİZİ'!$B:$B,0),COLUMN('GİRİŞ ANALİZİ'!$B:$B),1,1,"GİRİŞ ANALİZİ"),"Git →"),"Bulunamadı") -> Git → | C5: =IFERROR(INDEX('SATIN ALMA'!$W:$W, MATCH($I5, 'SATIN ALMA'!$X:$X, 0)),"Bulunamadı") -> HD29312-2 | D5: =IFERROR(INDEX('SATIN ALMA'!$F:$F, MATCH($I5, 'SATIN ALMA'!$X:$X, 0)),"Bulunamadı") -> LIEN VIET | E5: =IFERROR(INDEX('SATIN ALMA'!$C:$C, MATCH($I5, 'SATIN ALMA'!$X:$X, 0)),"Bulunamadı" ) -> H5130003 | F5: =IFERROR(INDEX('SATIN ALMA'!$D:$D, MATCH($I5, 'SATIN ALMA'!$X:$X, 0)),"Bulunamadı" ) -> HW.CASHEW NUT W320____________( 22.68 KG ) | G5: =IFERROR(INDEX('GİRİŞ ANALİZİ'!$E:$E, MATCH($I5,'GİRİŞ ANALİZİ'!$D:$D, 0)),"Bulunamadı") -> 499803 | I5: 24
A6: =IFERROR(HYPERLINK("#"&ADDRESS(MATCH($C6,'SATIN ALMA'!$W:$W,0),COLUMN('SATIN ALMA'!$W:$W),1,1,"SATIN ALMA"),"Git →"),"Bulunamadı") -> Git → | B6: =IFERROR(HYPERLINK("#"&ADDRESS(MATCH($C6,'GİRİŞ ANALİZİ'!$B:$B,0),COLUMN('GİRİŞ ANALİZİ'!$B:$B),1,1,"GİRİŞ ANALİZİ"),"Git →"),"Bulunamadı") -> Git → | C6: =IFERROR(INDEX('SATIN ALMA'!$W:$W, MATCH($I6, 'SATIN ALMA'!$X:$X, 0)),"Bulunamadı") -> HD20912-3 | D6: =IFERROR(INDEX('SATIN ALMA'!$F:$F, MATCH($I6, 'SATIN ALMA'!$X:$X, 0)),"Bulunamadı") -> LIEN VIET | E6: =IFERROR(INDEX('SATIN ALMA'!$C:$C, MATCH($I6, 'SATIN ALMA'!$X:$X, 0)),"Bulunamadı" ) -> H5130003 | F6: =IFERROR(INDEX('SATIN ALMA'!$D:$D, MATCH($I6, 'SATIN ALMA'!$X:$X, 0)),"Bulunamadı" ) -> HW.CASHEW NUT W320____________( 22.68 KG ) | G6: =IFERROR(INDEX('GİRİŞ ANALİZİ'!$E:$E, MATCH($I6,'GİRİŞ ANALİZİ'!$D:$D, 0)),"Bulunamadı") -> 498287 | I6: 22 | K6: =IF(ÜRETİM!L6="W.CASHEW NUT W320 KAV.(SEMBOL)","05130004",IF(ÜRETİM!L6="W.CASHEW NUT W240 KAV.(STAR)","05130002",IF(ÜRETİM!L6="W.CASHEW NUT W320 KAVR (BUNGEE)","05130045",""))) -> 05130004 | L6: W.CASHEW NUT W320 KAV.(SEMBOL) | M6: 505967 | N6: =IFERROR(HYPERLINK("#"&ADDRESS(MATCH($M6,'ÇIKIŞ ANALİZİ'!$B:$B,0),COLUMN('ÇIKIŞ ANALİZİ'!$B:$B),1,1,"ÇIKIŞ ANALİZİ"),"Git →"),"Bulunamadı") -> Git → | O6: 32735
A7: =IFERROR(HYPERLINK("#"&ADDRESS(MATCH($C7,'SATIN ALMA'!$W:$W,0),COLUMN('SATIN ALMA'!$W:$W),1,1,"SATIN ALMA"),"Git →"),"Bulunamadı") -> Git → | B7: =IFERROR(HYPERLINK("#"&ADDRESS(MATCH($C7,'GİRİŞ ANALİZİ'!$B:$B,0),COLUMN('GİRİŞ ANALİZİ'!$B:$B),1,1,"GİRİŞ ANALİZİ"),"Git →"),"Bulunamadı") -> Git → | C7: =IFERROR(INDEX('SATIN ALMA'!$W:$W, MATCH($I7, 'SATIN ALMA'!$X:$X, 0)),"Bulunamadı") -> HD29312-2 | D7: =IFERROR(INDEX('SATIN ALMA'!$F:$F, MATCH($I7, 'SATIN ALMA'!$X:$X, 0)),"Bulunamadı") -> LIEN VIET | E7: =IFERROR(INDEX('SATIN ALMA'!$C:$C, MATCH($I7, 'SATIN ALMA'!$X:$X, 0)),"Bulunamadı" ) -> H5130003 | F7: =IFERROR(INDEX('SATIN ALMA'!$D:$D, MATCH($I7, 'SATIN ALMA'!$X:$X, 0)),"Bulunamadı" ) -> HW.CASHEW NUT W320____________( 22.68 KG ) | G7: =IFERROR(INDEX('GİRİŞ ANALİZİ'!$E:$E, MATCH($I7,'GİRİŞ ANALİZİ'!$D:$D, 0)),"Bulunamadı") -> 499803 | I7: 24
A8: =IFERROR(HYPERLINK("#"&ADDRESS(MATCH($C8,'SATIN ALMA'!$W:$W,0),COLUMN('SATIN ALMA'!$W:$W),1,1,"SATIN ALMA"),"Git →"),"Bulunamadı") -> Git → | B8: =IFERROR(HYPERLINK("#"&ADDRESS(MATCH($C8,'GİRİŞ ANALİZİ'!$B:$B,0),COLUMN('GİRİŞ ANALİZİ'!$B:$B),1,1,"GİRİŞ ANALİZİ"),"Git →"),"Bulunamadı") -> Bulunamadı | C8: =IFERROR(INDEX('SATIN ALMA'!$W:$W, MATCH($I8, 'SATIN ALMA'!$X:$X, 0)),"Bulunamadı") -> HD57711 | D8: =IFERROR(INDEX('SATIN ALMA'!$F:$F, MATCH($I8, 'SATIN ALMA'!$X:$X, 0)),"Bulunamadı") -> NGAN NGOC | E8: =IFERROR(INDEX('SATIN ALMA'!$C:$C, MATCH($I8, 'SATIN ALMA'!$X:$X, 0)),"Bulunamadı" ) -> H5130001 | F8: =IFERROR(INDEX('SATIN ALMA'!$D:$D, MATCH($I8, 'SATIN ALMA'!$X:$X, 0)),"Bulunamadı" ) -> HW.CASHEW NUT W240____________( 22.68 KG ) | G8: =IFERROR(INDEX('GİRİŞ ANALİZİ'!$E:$E, MATCH($I8,'GİRİŞ ANALİZİ'!$D:$D, 0)),"Bulunamadı") -> Bulunamadı | H8: 5274 | I8: 14 | K8: =IF(ÜRETİM!L8="W.CASHEW NUT W320 KAV.(SEMBOL)","05130004",IF(ÜRETİM!L8="W.CASHEW NUT W240 KAV.(STAR)","05130002",IF(ÜRETİM!L8="W.CASHEW NUT W320 KAVR (BUNGEE)","05130045",""))) -> 05130002 | L8: W.CASHEW NUT W240 KAV.(STAR) | M8: 507292 | N8: =IFERROR(HYPERLINK("#"&ADDRESS(MATCH($M8,'ÇIKIŞ ANALİZİ'!$B:$B,0),COLUMN('ÇIKIŞ ANALİZİ'!$B:$B),1,1,"ÇIKIŞ ANALİZİ"),"Git →"),"Bulunamadı") -> Git → | O8: 10548
A9: =IFERROR(HYPERLINK("#"&ADDRESS(MATCH($C9,'SATIN ALMA'!$W:$W,0),COLUMN('SATIN ALMA'!$W:$W),1,1,"SATIN ALMA"),"Git →"),"Bulunamadı") -> Git → | B9: =IFERROR(HYPERLINK("#"&ADDRESS(MATCH($C9,'GİRİŞ ANALİZİ'!$B:$B,0),COLUMN('GİRİŞ ANALİZİ'!$B:$B),1,1,"GİRİŞ ANALİZİ"),"Git →"),"Bulunamadı") -> Bulunamadı | C9: =IFERROR(INDEX('SATIN ALMA'!$W:$W, MATCH($I9, 'SATIN ALMA'!$X:$X, 0)),"Bulunamadı") -> HD59111 | D9: =IFERROR(INDEX('SATIN ALMA'!$F:$F, MATCH($I9, 'SATIN ALMA'!$X:$X, 0)),"Bulunamadı") -> MANH TUAN | E9: =IFERROR(INDEX('SATIN ALMA'!$C:$C, MATCH($I9, 'SATIN ALMA'!$X:$X, 0)),"Bulunamadı" ) -> H5130001 | F9: =IFERROR(INDEX('SATIN ALMA'!$D:$D, MATCH($I9, 'SATIN ALMA'!$X:$X, 0)),"Bulunamadı" ) -> HW.CASHEW NUT W240____________( 22.68 KG ) | G9: =IFERROR(INDEX('GİRİŞ ANALİZİ'!$E:$E, MATCH($I9,'GİRİŞ ANALİZİ'!$D:$D, 0)),"Bulunamadı") -> Bulunamadı | H9: 5274 | I9: 15

Sheet GİRİŞ ANALİZİ
A1: Sınıf | B1: Kontrat No. | C1: Konteyner No | D1: Tır No | E1: Parti No | F1: Satın Alma Bağlantısı | G1: Analiz Tarihi | H1: Analiz Yapan | I1: Nem | J1: Yabancı Madde | K1: Kalibre | L1: Şak | M1: Kırık | N1: Şak-Kırık | O1: Zarlı | P1: Lekeli | Q1: Urlu | R1: Ucu Kırık | S1: Böcek Yenikli | T1: Farklı Renk | U1: Küçük Kal. | V1: Büyük Kal.
A2: W320 | B2: HD46511 | C2: MSDU4566450 | D2: 1 | E2: 461336 | F2: =IFERROR(HYPERLINK("#"&ADDRESS(MATCH($C2,'SATIN ALMA'!$R:$R,0),COLUMN('SATIN ALMA'!$R:$R),1,1,"SATIN ALMA"),"Git →"),"Bulunamadı" ) -> Git → | I2: 0.0499 | K2: 327 | N2: 0.0994 | O2: + | P2: 0.1158
A3: W320 | B3: HD46411 | C3: MSDU4120180 | D3: 2 | E3: 461334 | F3: =IFERROR(HYPERLINK("#"&ADDRESS(MATCH($C3,'SATIN ALMA'!$R:$R,0),COLUMN('SATIN ALMA'!$R:$R),1,1,"SATIN ALMA"),"Git →"),"Bulunamadı" ) -> Git → | I3: 0.049 | K3: 321 | N3: 0.0814 | O3: + | P3: 0.1304
A4: W320 | B4: HD49711 | C4: MSDU4165400 | D4: 4 | E4: 466728 | F4: =IFERROR(HYPERLINK("#"&ADDRESS(MATCH($C4,'SATIN ALMA'!$R:$R,0),COLUMN('SATIN ALMA'!$R:$R),1,1,"SATIN ALMA"),"Git →"),"Bulunamadı" ) -> Git → | I4: 0.0497 | K4: 312 | N4: 0.0882 | O4: + | P4: 0.092
A5: W320 | B5: HD48511 | C5: MSCU4794435 | D5: 5 | E5: 467265 | F5: =IFERROR(HYPERLINK("#"&ADDRESS(MATCH($C5,'SATIN ALMA'!$R:$R,0),COLUMN('SATIN ALMA'!$R:$R),1,1,"SATIN ALMA"),"Git →"),"Bulunamadı" ) -> Git → | I5: 0.051 | K5: 330 | N5: 0.1037 | O5: + | P5: 0.1085
A6: W320 | B6: HD50811-01 | C6: MSDU4622173 | D6: 6 | F6: =IFERROR(HYPERLINK("#"&ADDRESS(MATCH($C6,'SATIN ALMA'!$R:$R,0),COLUMN('SATIN ALMA'!$R:$R),1,1,"SATIN ALMA"),"Git →"),"Bulunamadı" ) -> Git → | I6: 0.0499 | K6: 320 | N6: 0.0821 | O6: + | P6: 0.0947
A7: W320 | B7: HD50811-02 | C7: MSDU4170601 | D7: 7 | F7: =IFERROR(HYPERLINK("#"&ADDRESS(MATCH($C7,'SATIN ALMA'!$R:$R,0),COLUMN('SATIN ALMA'!$R:$R),1,1,"SATIN ALMA"),"Git →"),"Bulunamadı" ) -> Git → | I7: 0.0487 | K7: 324 | N7: 0.081 | O7: + | P7: 0.0994
A8: W320 | B8: HD45211 | C8: MSDU4219487 | D8: 9 | E8: 469616 | F8: =IFERROR(HYPERLINK("#"&ADDRESS(MATCH($C8,'SATIN ALMA'!$R:$R,0),COLUMN('SATIN ALMA'!$R:$R),1,1,"SATIN ALMA"),"Git →"),"Bulunamadı" ) -> Bulunamadı | G8: 45667 | H8: H.Cansu | I8: 0.0481 | K8: 328 | L8: 0.053 | M8: 0.0305 | N8: =L8+M8 -> 0.0835 | O8: 0.008 | P8: 0.07 | Q8: 0.0095 | R8: 0.0097 | U8: 0.0046 | V8: 0.0611
A9: W320 | B9: HD50811-03 | C9: MEDU4183366 | D9: 10 | F9: =IFERROR(HYPERLINK("#"&ADDRESS(MATCH($C9,'SATIN ALMA'!$R:$R,0),COLUMN('SATIN ALMA'!$R:$R),1,1,"SATIN ALMA"),"Git →"),"Bulunamadı" ) -> Git → | I9: 0.0489 | K9: 320 | N9: 0.1012 | O9: + | P9: 0.0903
A10: W320 | B10: HD55711-01 | C10: MSDU4495422 | D10: 11 | E10: 472436 | F10: =IFERROR(HYPERLINK("#"&ADDRESS(MATCH($C10,'SATIN ALMA'!$R:$R,0),COLUMN('SATIN ALMA'!$R:$R),1,1,"SATIN ALMA"),"Git →"),"Bulunamadı" ) -> Git → | I10: 0.0524 | K10: 320 | N10: 0.1092 | O10: + | P10: 0.129
A11: W320 | B11: HD55711-02 | C11: MSDU4727580 | D11: 12 | F11: =IFERROR(HYPERLINK("#"&ADDRESS(MATCH($C11,'SATIN ALMA'!$R:$R,0),COLUMN('SATIN ALMA'!$R:$R),1,1,"SATIN ALMA"),"Git →"),"Bulunamadı" ) -> Git → | I11: 0.0528 | K11: 322 | N11: 0.1241 | O11: + | P11: 0.0974
A12: W240 | B12: HD59211 | C12: TTNU5156838 | D12: 16 | E12: 482137 | F12: =IFERROR(HYPERLINK("#"&ADDRESS(MATCH($C12,'SATIN ALMA'!$R:$R,0),COLUMN('SATIN ALMA'!$R:$R),1,1,"SATIN ALMA"),"Git →"),"Bulunamadı" ) -> Git → | I12: 0.0521 | K12: 241 | N12: 0.0926 | O12: + | P12: 0.0719
A13: W320 | B13: HD05312-1 | C13: MSDU4130928 | D13: 17 | E13: 486075 | F13: =IFERROR(HYPERLINK("#"&ADDRESS(MATCH($C13,'SATIN ALMA'!$R:$R,0),COLUMN('SATIN ALMA'!$R:$R),1,1,"SATIN ALMA"),"Git →"),"Bulunamadı" ) -> Git → | I13: 0.0502 | K13: 326 | N13: 0.0774 | O13: + | P13: 0.0789
A14: W320 | B14: HD05312-01 | C14: MSDU4130928 | D14: 17 | F14: =IFERROR(HYPERLINK("#"&ADDRESS(MATCH($C14,'SATIN ALMA'!$R:$R,0),COLUMN('SATIN ALMA'!$R:$R),1,1,"SATIN ALMA"),"Git →"),"Bulunamadı" ) -> Git → | I14: 0.0502 | K14: 326 | N14: 0.0774 | O14: + | P14: 0.079
A15: W320 | B15: HD03012 | C15: MSDU4560106 | D15: 18 | E15: 491027 | F15: =IFERROR(HYPERLINK("#"&ADDRESS(MATCH($C15,'SATIN ALMA'!$R:$R,0),COLUMN('SATIN ALMA'!$R:$R),1,1,"SATIN ALMA"),"Git →"),"Bulunamadı" ) -> Git → | I15: 0.0456 | K15: 317 | N15: 0.112 | O15: + | P15: 0.092
A16: W320 | B16: HD20912-1 | C16: MSBU4032987 | D16: 19 | F16: =IFERROR(HYPERLINK("#"&ADDRESS(MATCH($C16,'SATIN ALMA'!$R:$R,0),COLUMN('SATIN ALMA'!$R:$R),1,1,"SATIN ALMA"),"Git →"),"Bulunamadı" ) -> Git → | I16: 0.0521 | K16: 310 | N16: 0.095 | O16: + | P16: 0.0633
A17: W240 | B17: HD21012 | C17: MSDU4296014 | D17: 20 | E17: 496816 | F17: =IFERROR(HYPERLINK("#"&ADDRESS(MATCH($C17,'SATIN ALMA'!$R:$R,0),COLUMN('SATIN ALMA'!$R:$R),1,1,"SATIN ALMA"),"Git →"),"Bulunamadı" ) -> Git → | G17: 45850 | H17: H.Cansu | I17: 0.0518 | K17: 241 | L17: 0.0822 | M17: 0.0252 | N17: =L17+M17 -> 0.1074 | O17: 0.0163 | P17: 0.0637 | Q17: 0.0138 | R17: 0.0085 | U17: 0.0073 | V17: 0.1026
A18: W320 | B18: HD20912-2 | C18: FSCU4854692 | D18: 21 | E18: 498286 | F18: =IFERROR(HYPERLINK("#"&ADDRESS(MATCH($C18,'SATIN ALMA'!$R:$R,0),COLUMN('SATIN ALMA'!$R:$R),1,1,"SATIN ALMA"),"Git →"),"Bulunamadı" ) -> Git → | I18: 0.0536 | K18: 313 | L18: 0.0662 | M18: 0.0232 | N18: =L18+M18 -> 0.0894 | O18: 0.012 | P18: 0.0717 | Q18: 0.0072 | U18: 0.0166 | V18: 0.0568
A19: W320 | B19: HD20912-3 | C19: MSDU4414349 | D19: 22 | E19: 498287 | F19: =IFERROR(HYPERLINK("#"&ADDRESS(MATCH($C19,'SATIN ALMA'!$R:$R,0),COLUMN('SATIN ALMA'!$R:$R),1,1,"SATIN ALMA"),"Git →"),"Bulunamadı" ) -> Git → | I19: 0.0523 | K19: 307 | L19: 0.0665 | M19: 0.0224 | N19: =L19+M19 -> 0.0889 | O19: 0.0166 | P19: 0.0714 | Q19: 0.0043 | U19: 0.0152 | V19: 0.089
A20: W320 | B20: HD29312-1 | C20: SEGU6899150 | D20: 23 | E20: 498679 | F20: =IFERROR(HYPERLINK("#"&ADDRESS(MATCH($C20,'SATIN ALMA'!$R:$R,0),COLUMN('SATIN ALMA'!$R:$R),1,1,"SATIN ALMA"),"Git →"),"Bulunamadı" ) -> Git → | I20: 0.0486 | K20: 292 | N20: 0.0824 | O20: + | P20: 0.0862
A21: W320 | B21: HD29312-2 | C21: HAMU4093393 | D21: 24 | E21: 499803 | F21: =IFERROR(HYPERLINK("#"&ADDRESS(MATCH($C21,'SATIN ALMA'!$R:$R,0),COLUMN('SATIN ALMA'!$R:$R),1,1,"SATIN ALMA"),"Git →"),"Bulunamadı" ) -> Git → | G21: 45876 | H21: H.Cansu | I21: 0.055 | K21: 309.3 | L21: 0.057 | M21: 0.0218 | N21: =L21+M21 -> 0.0788 | O21: 0.0078 | P21: 0.0645 | Q21: 0.0106 | R21: 0.0124 | U21: 0.0166 | V21: 0.1401
A22: W320 | B22: HD29312-3 | C22: UETU5170212 | D22: 25 | E22: 499804 | F22: =IFERROR(HYPERLINK("#"&ADDRESS(MATCH($C22,'SATIN ALMA'!$R:$R,0),COLUMN('SATIN ALMA'!$R:$R),1,1,"SATIN ALMA"),"Git →"),"Bulunamadı" ) -> Git → | G22: 45876 | H22: H.Cansu | I22: 0.0492 | K22: 307 | L22: 0.0621 | M22: 0.0272 | N22: =L22+M22 -> 0.0893 | O22: 0.014 | P22: 0.0602 | Q22: 0.0092 | R22: 0.0116 | U22: 0.0235 | V22: 0.1126
A23: W320 | B23: HD29612-1 | C23: MSBU4047729 | D23: 26 | E23: 500040 | F23: =IFERROR(HYPERLINK("#"&ADDRESS(MATCH($C23,'SATIN ALMA'!$R:$R,0),COLUMN('SATIN ALMA'!$R:$R),1,1,"SATIN ALMA"),"Git →"),"Bulunamadı" ) -> Git → | I23: 0.0572 | K23: 309 | N23: 0.0833 | O23: + | P23: 0.1088
A24: W320 | B24: HD29412-1 | C24: FSCU4163089 | D24: 27 | E24: 501632 | F24: =IFERROR(HYPERLINK("#"&ADDRESS(MATCH($C24,'SATIN ALMA'!$R:$R,0),COLUMN('SATIN ALMA'!$R:$R),1,1,"SATIN ALMA"),"Git →"),"Bulunamadı" ) -> Git → | I24: 0.0543 | K24: 297 | N24: 0.0694 | O24: + | P24: 7.61
A25: W320 | B25: HD29612-2 | C25: MSBU4590335 | D25: 28 | E25: 501649 | F25: =IFERROR(HYPERLINK("#"&ADDRESS(MATCH($C25,'SATIN ALMA'!$R:$R,0),COLUMN('SATIN ALMA'!$R:$R),1,1,"SATIN ALMA"),"Git →"),"Bulunamadı" ) -> Git → | I25: 0.0543 | K25: 306 | N25: 0.0892 | O25: + | P25: 9.57
A26: W320 | B26: HD29412-3 | C26: TCKU4301533 | D26: 29 | E26: 502665 | F26: =IFERROR(HYPERLINK("#"&ADDRESS(MATCH($C26,'SATIN ALMA'!$R:$R,0),COLUMN('SATIN ALMA'!$R:$R),1,1,"SATIN ALMA"),"Git →"),"Bulunamadı" ) -> Git → | G26: 45911 | H26: H.Cansu | I26: 0.0575 | K26: 301 | L26: 0.0524 | M26: 0.0256 | N26: =L26+M26 -> 0.078 | O26: 0.0084 | P26: 0.0502 | Q26: 0.0058 | R26: 0.0104 | U26: 0.0173 | V26: 0.0931
A27: W320 | B27: HD29412-2 | C27: MSBU4022649 | D27: 30 | E27: 502664 | F27: =IFERROR(HYPERLINK("#"&ADDRESS(MATCH($C27,'SATIN ALMA'!$R:$R,0),COLUMN('SATIN ALMA'!$R:$R),1,1,"SATIN ALMA"),"Git →"),"Bulunamadı" ) -> Git → | G27: 45911 | H27: H.Cansu | I27: 0.0582 | K27: 285 | L27: 0.0425 | M27: 0.0251 | N27: =L27+M27 -> 0.0676 | O27: 0.0121 | P27: 0.0638 | Q27: 0.0107 | R27: 0.0139 | U27: 0.0127 | V27: 0.0933
A28: W320 | B28: HD29412-5 | C28: GAOU7622115 | D28: 31 | F28: =IFERROR(HYPERLINK("#"&ADDRESS(MATCH($C28,'SATIN ALMA'!$R:$R,0),COLUMN('SATIN ALMA'!$R:$R),1,1,"SATIN ALMA"),"Git →"),"Bulunamadı" ) -> Git → | G28: 45964 | H28: H.Cansu | I28: 0.0482 | K28: 305 | L28: 0.04 | M28: 0.0284 | N28: =L28+M28 -> 0.0684 | O28: 0.008 | P28: 0.0617 | Q28: 0.0107 | R28: 0.0049 | U28: 0.0166 | V28: 0.154
A29: W320 | B29: HD29412-4 | C29: TXGU7262063 | D29: 32 | F29: =IFERROR(HYPERLINK("#"&ADDRESS(MATCH($C29,'SATIN ALMA'!$R:$R,0),COLUMN('SATIN ALMA'!$R:$R),1,1,"SATIN ALMA"),"Git →"),"Bulunamadı" ) -> Git → | G29: 45964 | H29: H.Cansu | I29: 0.0476 | K29: 312 | L29: 0.0386 | M29: 0.0225 | N29: =L29+M29 -> 0.0611 | O29: 0.0088 | P29: 0.0505 | Q29: 0.0116 | R29: 0.006 | U29: 0.0233 | V29: 0.1307
A30: W320 | B30: HD29412-6 | C30: MSDU7330895 | D30: 34 | E30: 508410 | F30: =IFERROR(HYPERLINK("#"&ADDRESS(MATCH($C30,'SATIN ALMA'!$R:$R,0),COLUMN('SATIN ALMA'!$R:$R),1,1,"SATIN ALMA"),"Git →"),"Bulunamadı" ) -> Git → | G30: 45975 | H30: H.Cansu | I30: 0.049 | K30: 311 | L30: 0.0398 | M30: 0.0363 | N30: =L30+M30 -> 0.0761 | O30: 0.0082 | P30: 0.0317 | Q30: 0.0127 | R30: 0.008 | S30: 0 | T30: 0 | U30: 0.014 | V30: 0.1596
A31: W320 | B31: HD46212-1 | C31: MSDU4075939 | D31: 35 | E31: 509115 | F31: =IFERROR(HYPERLINK("#"&ADDRESS(MATCH($C31,'SATIN ALMA'!$R:$R,0),COLUMN('SATIN ALMA'!$R:$R),1,1,"SATIN ALMA"),"Git →"),"Bulunamadı" ) -> Git → | G31: 45975 | H31: H.Cansu | I31: 0.0504 | K31: 310 | L31: 0.0481 | M31: 0.0332 | N31: =L31+M31 -> 0.0813 | O31: 0.0038 | P31: 0.0511 | Q31: 0.0088 | R31: 0.0092 | S31: 0 | T31: 0 | U31: 0.0188 | V31: 0.1534
A32: W240 | C32: ÇEREZAL | D32: 510382 | E32: 510382 | F32: =IFERROR(HYPERLINK("#"&ADDRESS(MATCH($C32,'SATIN ALMA'!$R:$R,0),COLUMN('SATIN ALMA'!$R:$R),1,1,"SATIN ALMA"),"Git →"),"Bulunamadı" ) -> Bulunamadı | G32: 45971 | H32: H.Cansu | I32: 0.04655 | K32: 236 | L32: 0.0332 | M32: 0.0153 | N32: =L32+M32 -> 0.0485 | O32: 0.0282 | P32: 0.049 | Q32: 0.015 | R32: 0 | S32: 0 | T32: 0.0021 | U32: 0.02721 | V32: 0.3648
A33: W240 | C33: ÇEREZAL | D33: 510382 | E33: 510382 | F33: =IFERROR(HYPERLINK("#"&ADDRESS(MATCH($C33,'SATIN ALMA'!$R:$R,0),COLUMN('SATIN ALMA'!$R:$R),1,1,"SATIN ALMA"),"Git →"),"Bulunamadı" ) -> Bulunamadı | G33: 45972 | H33: H.Cansu | I33: 0.0478 | K33: 239 | L33: 0.0349 | M33: 0.0149 | N33: 0.0498 | O33: 0.0291 | P33: 0.0642 | Q33: 0.0116 | R33: 0 | S33: 0 | T33: 0.0031 | U33: 0.0213 | V33: 0.3116
B34: HD28811 | C34: MSNU7192604 | F34: =IFERROR(HYPERLINK("#"&ADDRESS(MATCH($C34,'SATIN ALMA'!$R:$R,0),COLUMN('SATIN ALMA'!$R:$R),1,1,"SATIN ALMA"),"Git →"),"Bulunamadı" ) -> Bulunamadı | I34: 0.0488 | K34: 326 | N34: 0.0886 | O34: + | P34: 0.0883
A35: W320 | B35: HD34511-01 | C35: ZCSU7774760 | D35: 97 | F35: =IFERROR(HYPERLINK("#"&ADDRESS(MATCH($C35,'SATIN ALMA'!$R:$R,0),COLUMN('SATIN ALMA'!$R:$R),1,1,"SATIN ALMA"),"Git →"),"Bulunamadı" ) -> Bulunamadı | G35: 45541 | I35: 0.0537 | K35: 319 | L35: 0.0609 | M35: 0.0102 | N35: =L35+M35 -> 0.0711 | O35: 0.0632 | P35: 0.0478 | Q35: 0.0331 | R35: 0.0397 | U35: 0.0211 | V35: 0.1132
B36: HD29711 | C36: MEDUF2749325 | F36: =IFERROR(HYPERLINK("#"&ADDRESS(MATCH($C36,'SATIN ALMA'!$R:$R,0),COLUMN('SATIN ALMA'!$R:$R),1,1,"SATIN ALMA"),"Git →"),"Bulunamadı" ) -> Bulunamadı | I36: 0.048 | K36: 327 | N36: 0.0852 | O36: + | P36: 0.1346
F37: =IFERROR(HYPERLINK("#"&ADDRESS(MATCH($C37,'SATIN ALMA'!$R:$R,0),COLUMN('SATIN ALMA'!$R:$R),1,1,"SATIN ALMA"),"Git →"),"Bulunamadı" ) -> Bulunamadı | N37: =L37+M37 -> 0
F38: =IFERROR(HYPERLINK("#"&ADDRESS(MATCH($C38,'SATIN ALMA'!$R:$R,0),COLUMN('SATIN ALMA'!$R:$R),1,1,"SATIN ALMA"),"Git →"),"Bulunamadı" ) -> Bulunamadı | N38: =L38+M38 -> 0
F39: =IFERROR(HYPERLINK("#"&ADDRESS(MATCH($C39,'SATIN ALMA'!$R:$R,0),COLUMN('SATIN ALMA'!$R:$R),1,1,"SATIN ALMA"),"Git →"),"Bulunamadı" ) -> Bulunamadı | N39: =L39+M39 -> 0
F40: =IFERROR(HYPERLINK("#"&ADDRESS(MATCH($C40,'SATIN ALMA'!$R:$R,0),COLUMN('SATIN ALMA'!$R:$R),1,1,"SATIN ALMA"),"Git →"),"Bulunamadı" ) -> Bulunamadı | N40: =L40+M40 -> 0
F41: =IFERROR(HYPERLINK("#"&ADDRESS(MATCH($C41,'SATIN ALMA'!$R:$R,0),COLUMN('SATIN ALMA'!$R:$R),1,1,"SATIN ALMA"),"Git →"),"Bulunamadı" ) -> Bulunamadı | N41: =L41+M41 -> 0
F42: =IFERROR(HYPERLINK("#"&ADDRESS(MATCH($C42,'SATIN ALMA'!$R:$R,0),COLUMN('SATIN ALMA'!$R:$R),1,1,"SATIN ALMA"),"Git →"),"Bulunamadı" ) -> Bulunamadı | N42: =L42+M42 -> 0
F43: =IFERROR(HYPERLINK("#"&ADDRESS(MATCH($C43,'SATIN ALMA'!$R:$R,0),COLUMN('SATIN ALMA'!$R:$R),1,1,"SATIN ALMA"),"Git →"),"Bulunamadı" ) -> Bulunamadı | N43: =L43+M43 -> 0
F44: =IFERROR(HYPERLINK("#"&ADDRESS(MATCH($C44,'SATIN ALMA'!$R:$R,0),COLUMN('SATIN ALMA'!$R:$R),1,1,"SATIN ALMA"),"Git →"),"Bulunamadı" ) -> Bulunamadı | N44: =L44+M44 -> 0
F45: =IFERROR(HYPERLINK("#"&ADDRESS(MATCH($C45,'SATIN ALMA'!$R:$R,0),COLUMN('SATIN ALMA'!$R:$R),1,1,"SATIN ALMA"),"Git →"),"Bulunamadı" ) -> Bulunamadı | N45: =L45+M45 -> 0
F46: =IFERROR(HYPERLINK("#"&ADDRESS(MATCH($C46,'SATIN ALMA'!$R:$R,0),COLUMN('SATIN ALMA'!$R:$R),1,1,"SATIN ALMA"),"Git →"),"Bulunamadı" ) -> Bulunamadı | N46: =L46+M46 -> 0
F47: =IFERROR(HYPERLINK("#"&ADDRESS(MATCH($C47,'SATIN ALMA'!$R:$R,0),COLUMN('SATIN ALMA'!$R:$R),1,1,"SATIN ALMA"),"Git →"),"Bulunamadı" ) -> Bulunamadı | N47: =L47+M47 -> 0
F48: =IFERROR(HYPERLINK("#"&ADDRESS(MATCH($C48,'SATIN ALMA'!$R:$R,0),COLUMN('SATIN ALMA'!$R:$R),1,1,"SATIN ALMA"),"Git →"),"Bulunamadı" ) -> Bulunamadı | N48: =L48+M48 -> 0
... F60: =IFERROR(HYPERLINK("#"&ADDRESS(MATCH($C60,'SATIN ALMA'!$R:$R,0),COLUMN('SATIN ALMA'!$R:$R),1,1,"SATIN ALMA"),"Git →"),"Bulunamadı" ) -> Bulunamadı | N60: =L60+M60 -> 0

Sheet ÇIKIŞ ANALİZİ
A1: Ürün Adı | B1: Lot | C1: Analiz Tarihi | D1: Analiz Yapan | E1: Bölüm | F1: Sevk Yeri/Müşteri | G1: Nem(%) | H1: Yabancı Madde(%) | I1: Kalibre | J1: Şak(%) | K1: Kırık(%) | L1: Ucu Kırık(%) | M1: Ur(%) | N1: Böcek Yenikli(%) | O1: Lekeli (%) | P1: Zarlı (%) | Q1: Bozuk (%) | R1: Koyu Tane (%) | S1: Polarizasyon Değeri | T1: Kz. Süresi (sn) | U1: Kz. Sıcaklığı (°C) | V1: Tuz Oranı (%)
A2: W.CASHEW NUT W320 KAV.(SEMBOL) | B2: 501594 | C2: 45902 | D2: Emre Öztürk | E2: Kaju | F2: İç Piyasa | G2: 0.0188 | H2: 0 | I2: 310 | J2: 0.0775 | K2: 0.0251 | L2: 0.0171 | M2: 0.0054 | N2: 0 | O2: 0.0641 | P2: 0.0084 | Q2: 0 | R2: 0.0124 | S2: 0 | T2: 332 | U2: 144 | V2: 0.0103
A3: W.CASHEW NUT W320 KAV.(SEMBOL) | B3: 501594 | C3: 45904 | D3: Hava Cansu | E3: Kaju | F3: İç Piyasa | G3: 0.0219 | H3: 0 | I3: 305 | J3: 0.0685 | K3: 0.0418 | L3: 0.0169 | M3: 0.0031 | N3: 0 | O3: 0.0223 | P3: 0.0031 | Q3: 0 | R3: 0.0176 | S3: 0 | T3: 350 | U3: 144 | V3: 0.0105
A4: W.CASHEW NUT W320 KAV.(SEMBOL) | B4: 503442 | C4: 45918 | D4: Hava Cansu | E4: Kaju | F4: İç Piyasa | G4: 0.0221 | H4: 0 | I4: 300 | J4: 0.079 | K4: 0.0422 | L4: 0.0179 | M4: 0.0075 | N4: 0 | O4: 0.0353 | P4: 0.0049 | Q4: 0 | R4: 0.0224 | S4: 0 | T4: 385 | U4: 146 | V4: 0.0105
A5: W.CASHEW NUT W320 KAV.(SEMBOL) | B5: 503442 | C5: 45919 | D5: Hava Cansu | E5: Kaju | F5: İç Piyasa | G5: 0.0221 | H5: 0 | I5: 303 | J5: 0.082 | K5: 0.0388 | L5: 0.016 | M5: 0.0084 | N5: 0 | O5: 0.0276 | P5: 0.008 | Q5: 0 | R5: 0.0275 | S5: 16.5 | T5: 383 | U5: 146 | V5: 0.0106
A6: W.CASHEW NUT W320 KAV.(SEMBOL) | B6: 503992 | C6: 45924 | D6: Hava Cansu | E6: Kaju | F6: İç Piyasa | G6: 0.0214 | H6: 0 | I6: 307 | J6: 0.089 | K6: 0.0316 | L6: 0.0175 | M6: 0.0045 | N6: 0 | O6: 0.0305 | P6: 0.0038 | Q6: 0 | R6: 0.0247 | S6: 18 | T6: 387 | U6: 145 | V6: 0.0107
A7: W.CASHEW NUT W320 KAV.(SEMBOL) | B7: 503992 | C7: 45925 | D7: Hava Cansu | E7: Kaju | F7: İç Piyasa | G7: 0.0214 | H7: 0 | I7: 305 | J7: 0.0661 | K7: 0.0369 | L7: 0.0169 | M7: 0.0032 | N7: 0 | O7: 0.0327 | P7: 0.0035 | Q7: 0 | R7: 0.0236 | S7: 17.5 | T7: 388 | U7: 145 | V7: 0.0107
A8: W.CASHEW NUT W320 KAV.(SEMBOL) | B8: 505967 | C8: 45933 | D8: Hava Cansu | E8: Kaju | F8: İç Piyasa | G8: 0.0212 | H8: 0 | I8: 304 | J8: 0.0771 | K8: 0.0399 | L8: 0.0184 | M8: 0.0022 | N8: 0 | O8: 0.0262 | P8: 0.0047 | Q8: 0 | R8: 0.0248 | S8: 16.5 | T8: 381 | U8: 147 | V8: 0.0107
A9: W.CASHEW NUT W320 KAV.(SEMBOL) | B9: 505967 | C9: 45932 | D9: Hava Cansu | E9: Kaju | F9: İç Piyasa | G9: 0.0216 | H9: 0 | I9: 304 | J9: 0.0786 | K9: 0.0367 | L9: 0.0162 | M9: 0.003 | N9: 0 | O9: 0.0295 | P9: 0.0075 | Q9: 0 | R9: 0.0266 | S9: 18.5 | T9: 375 | U9: 147 | V9: 0.0105
A10: W.CASHEW NUT W240 KAV.(STAR) | B10: 507292 | C10: 45944 | D10: Hava Cansu | E10: Kaju | F10: İç Piyasa | G10: 0.0233 | H10: 0 | I10: 237 | J10: 0.0526 | K10: 0.0365 | L10: 0.0152 | M10: 0.0033 | N10: 0 | O10: 0.0562 | P10: 0.0095 | Q10: 0 | R10: 0.0225 | S10: 16.5 | T10: 350 | U10: 145 | V10: 0.0107
A11: W.CASHEW NUT W320 KAV.(SEMBOL) | B11: 509471 | C11: 45965 | D11: Hava Cansu | E11: Kaju | F11: İç Piyasa | G11: 0.0225 | H11: 0 | I11: 305 | J11: 0.0672 | K11: 0.0391 | L11: 0.013 | M11: 0.0076 | N11: 0 | O11: 0.0533 | P11: 0.0091 | Q11: 0 | R11: 0.012 | S11: 16.5 | T11: 390 | U11: 145 | V11: 0.0102
A12: W.CASHEW NUT W320 KAV.(SEMBOL) | B12: 509471 | C12: 45966 | D12: Hava Cansu | E12: Kaju | F12: İç Piyasa | G12: 0.0246 | H12: 0 | I12: 304 | J12: 0.0658 | K12: 0.0376 | L12: 0.0166 | M12: 0.0044 | N12: 0 | O12: 0.031 | P12: 0.008 | Q12: 0 | R12: 0.026 | S12: 16.5 | T12: 376 | U12: 145 | V12: 0.0108
A13: W.CASHEW NUT W240 KAV.(STAR) | B13: 512893 | C13: 45982 | D13: Hava Cansu | E13: Kaju | F13: İç Piyasa | G13: 0.0215 | H13: 0 | I13: 238 | J13: 0.0327 | K13: 0.0346 | L13: 0.0132 | M13: 0.0051 | N13: 0 | O13: 0.0435 | P13: 0 | Q13: 0 | R13: 0.0175 | S13: 17 | T13: 323 | U13: 144 | V13: 0.0107
... A15: W.CASHEW NUT W320 KAV.(SEMBOL) | B15: 513018 | C15: 45985 | D15: Hava Cansu | E15: Kaju | F15: İç Piyasa | G15: 0.0218 | H15: 0 | I15: 298 | J15: 0.053 | K15: 0.031 | L15: 0.0169 | M15: 0.0036 | N15: 0 | O15: 0.0264 | P15: 0.008 | Q15: 0 | R15: 0.0185 | S15: 18.25 | T15: 343 | U15: 145 | V15: 0.0107

Sheet HARMAN
A2: Tır | B2: Kalibre | C2: Şak Kırık | D2: Miktar | E2: Harman Oranı | H2: Tır No | I2: Miktar | J2: Oran | L2: Ortalama | N2: Üretim Planı Sonrası Kalan Kg
A3: 27 | B3: =IFERROR(INDEX('GİRİŞ ANALİZİ'!$K:$K, MATCH($A3, 'GİRİŞ ANALİZİ'!$D:$D, 0)),"Bulunamadı") -> 297 | C3: =IFERROR(INDEX('GİRİŞ ANALİZİ'!$N:$N, MATCH($A3, 'GİRİŞ ANALİZİ'!$D:$D, 0)),"Bulunamadı") -> 0.0694 | D3: =IFERROR(INDEX(D6:D14, MATCH($A3, A6:A14, 0)),"Bulunamadı") -> 1000 | E3: 50 | F3: =E3/100 -> 0.5 | H3: 26 | I3: =9979-3000 -> 6979 | J3: 60 | L3: 299.4 | M3: Kalibre | N3: Konteyner No | O3: Giriş Miktar | P3: Kullanılan Oran | Q3: Kalan Oran | R3: Kalan Miktar
A4: 30 | B4: =IFERROR(INDEX('GİRİŞ ANALİZİ'!$K:$K, MATCH($A4, 'GİRİŞ ANALİZİ'!$D:$D, 0)),"Bulunamadı") -> 285 | C4: =IFERROR(INDEX('GİRİŞ ANALİZİ'!$N:$N, MATCH($A4, 'GİRİŞ ANALİZİ'!$D:$D, 0)),"Bulunamadı") -> 0.0676 | D4: =IFERROR(INDEX(D6:D14, MATCH($A4, A6:A14, 0)),"Bulunamadı") -> 3600 | E4: 50 | F4: =E4/100 -> 0.5 | H4: 30 | I4: =6652-2000 -> 4652 | J4: 40 | L4: 0.077 | M4: Şak Kırık | N4: 26 | O4: 9979.2 | P4: 0 | Q4: =1-P4 -> 1 | R4: =O4-(P4*O4) -> 9979.2
N5: 27 | O5: 15694.56 | P5: 0 | Q5: =1-P5 -> 1 | R5: =O5-(P5*O5) -> 15694.56
A6: 26 | B6: =IFERROR(INDEX('GİRİŞ ANALİZİ'!$K:$K, MATCH($A6, 'GİRİŞ ANALİZİ'!$D:$D, 0)),"Bulunamadı") -> 309 | C6: =IFERROR(INDEX('GİRİŞ ANALİZİ'!$N:$N, MATCH($A6, 'GİRİŞ ANALİZİ'!$D:$D, 0)),"Bulunamadı") -> 0.0833 | D6: 3000 | H6: 27 | I6: 7364 | J6: 40 | L6: 299.4 | M6: Kalibre | N6: 28 | O6: 3628.8 | P6: 1 | Q6: =1-P6 -> 0 | R6: =O6-(P6*O6) -> 0
A7: 27 | B7: =IFERROR(INDEX('GİRİŞ ANALİZİ'!$K:$K, MATCH($A7, 'GİRİŞ ANALİZİ'!$D:$D, 0)),"Bulunamadı") -> 297 | C7: =IFERROR(INDEX('GİRİŞ ANALİZİ'!$N:$N, MATCH($A7, 'GİRİŞ ANALİZİ'!$D:$D, 0)),"Bulunamadı") -> 0.0694 | D7: 1000 | H7: 29 | I7: 11045 | J7: 60 | L7: 0.0746 | M7: Şak Kırık | N7: 29 | O7: 11045.16 | P7: 0 | Q7: =1-P7 -> 1 | R7: =O7-(P7*O7) -> 11045.16
A8: 28 | B8: =IFERROR(INDEX('GİRİŞ ANALİZİ'!$K:$K, MATCH($A8, 'GİRİŞ ANALİZİ'!$D:$D, 0)),"Bulunamadı") -> 306 | C8: =IFERROR(INDEX('GİRİŞ ANALİZİ'!$N:$N, MATCH($A8, 'GİRİŞ ANALİZİ'!$D:$D, 0)),"Bulunamadı") -> 0.0892 | D8: 3628.8 | N8: 30 | O8: 14968.8 | P8: 0 | Q8: =1-P8 -> 1 | R8: =O8-(P8*O8) -> 14968.8
A9: 29 | B9: =IFERROR(INDEX('GİRİŞ ANALİZİ'!$K:$K, MATCH($A9, 'GİRİŞ ANALİZİ'!$D:$D, 0)),"Bulunamadı") -> 301 | C9: =IFERROR(INDEX('GİRİŞ ANALİZİ'!$N:$N, MATCH($A9, 'GİRİŞ ANALİZİ'!$D:$D, 0)),"Bulunamadı") -> 0.078 | D9: 1500 | M9: Kalibre | N9: 31 | O9: 24948 | Q9: =1-P9 -> 1 | R9: =O9-(P9*O9) -> 24948
A10: 30 | B10: =IFERROR(INDEX('GİRİŞ ANALİZİ'!$K:$K, MATCH($A10, 'GİRİŞ ANALİZİ'!$D:$D, 0)),"Bulunamadı") -> 285 | C10: =IFERROR(INDEX('GİRİŞ ANALİZİ'!$N:$N, MATCH($A10, 'GİRİŞ ANALİZİ'!$D:$D, 0)),"Bulunamadı") -> 0.0676 | D10: 3600 | M10: Şak Kırık | N10: 32 | O10: 24948 | Q10: =1-P10 -> 1 | R10: 19504.8
A11: 31 | B11: =IFERROR(INDEX('GİRİŞ ANALİZİ'!$K:$K, MATCH($A11, 'GİRİŞ ANALİZİ'!$D:$D, 0)),"Bulunamadı") -> 305 | C11: =IFERROR(INDEX('GİRİŞ ANALİZİ'!$N:$N, MATCH($A11, 'GİRİŞ ANALİZİ'!$D:$D, 0)),"Bulunamadı") -> 0.0684 | D11: 24948 | E11: a | N11: 34 | O11: 8618.4 | Q11: =1-P11 -> 1 | R11: =O11-(P11*O11) -> 8618.4
A12: 32 | B12: =IFERROR(INDEX('GİRİŞ ANALİZİ'!$K:$K, MATCH($A12, 'GİRİŞ ANALİZİ'!$D:$D, 0)),"Bulunamadı") -> 312 | C12: =IFERROR(INDEX('GİRİŞ ANALİZİ'!$N:$N, MATCH($A12, 'GİRİŞ ANALİZİ'!$D:$D, 0)),"Bulunamadı") -> 0.0611 | D12: 24948 | E12: a | M12: Kalibre | N12: 35 | O12: 24948 | Q12: =1-P12 -> 1 | R12: =O12-(P12*O12) -> 24948
A13: 34 33? | B13: =IFERROR(INDEX('GİRİŞ ANALİZİ'!$K:$K, MATCH($A13, 'GİRİŞ ANALİZİ'!$D:$D, 0)),"Bulunamadı") -> Bulunamadı | C13: =IFERROR(INDEX('GİRİŞ ANALİZİ'!$N:$N, MATCH($A13, 'GİRİŞ ANALİZİ'!$D:$D, 0)),"Bulunamadı") -> Bulunamadı | D13: =8618.4*2 -> 17236.8 | E13: a | M13: Şak Kırık | Q13: =1-P13 -> 1 | R13: =O13-(P13*O13) -> 0
A14: 35 | B14: =IFERROR(INDEX('GİRİŞ ANALİZİ'!$K:$K, MATCH($A14, 'GİRİŞ ANALİZİ'!$D:$D, 0)),"Bulunamadı") -> 310 | C14: =IFERROR(INDEX('GİRİŞ ANALİZİ'!$N:$N, MATCH($A14, 'GİRİŞ ANALİZİ'!$D:$D, 0)),"Bulunamadı") -> 0.0813 | D14: 24948 | E14: a | Q14: =1-P14 -> 1 | R14: =O14-(P14*O14) -> 0
A15: TOPLAM | D15: =E3+E4 -> 100 | E15: =F3+F4 -> 1 | M15: Kalibre | Q15: =1-P15 -> 1 | R15: =O15-(P15*O15) -> 0
D16: Sonuç | M16: Şak Kırık | Q16: =1-P16 -> 1 | R16: =O16-(P16*O16) -> 0
D17: Ort. Kalibre | E17: =(B3*F3)+(B4*F4) -> 291
D18: Ort. Şak Kırık | E18: =(C3*F3)+(C4*F4) -> 0.0685 | M18: Kalibre
M19: Şak Kırık
M21: Kalibre
M22: Şak Kırık
